0 verbose cli /Users/aniketjha/.nvm/versions/node/v20.19.0/bin/node /Users/aniketjha/.nvm/versions/node/v20.19.0/bin/npm
1 info using npm@11.9.0
2 info using node@v20.19.0
3 silly config load:file:/Users/aniketjha/.nvm/versions/node/v20.19.0/lib/node_modules/npm/npmrc
4 silly config load:file:/Users/aniketjha/Desktop/work/clients/zoom-api-wrapper/.npmrc
5 silly config load:file:/Users/aniketjha/.npmrc
6 silly config load:file:/Users/aniketjha/.nvm/versions/node/v20.19.0/etc/npmrc
7 verbose title npm install
8 verbose argv "install"
9 verbose logfile logs-max:10 dir:/Users/aniketjha/Desktop/work/clients/zoom-api-wrapper/.npm-cache/_logs/2026-02-15T16_21_55_536Z-
10 verbose logfile /Users/aniketjha/Desktop/work/clients/zoom-api-wrapper/.npm-cache/_logs/2026-02-15T16_21_55_536Z-debug-0.log
11 silly logfile done cleaning log files
12 silly packumentCache heap:2197815296 maxSize:549453824 maxEntrySize:274726912
13 silly idealTree buildDeps
14 silly fetch manifest express@^4.18.2
15 silly packumentCache full:https://registry.npmjs.org/express cache-miss
16 http fetch GET 200 https://registry.npmjs.org/express 134ms (cache miss)
17 silly packumentCache full:https://registry.npmjs.org/express set size:undefined disposed:false
18 silly fetch manifest axios@^1.6.0
19 silly packumentCache full:https://registry.npmjs.org/axios cache-miss
20 http fetch GET 200 https://registry.npmjs.org/npm 200ms
21 http fetch GET 200 https://registry.npmjs.org/axios 62ms (cache miss)
22 silly packumentCache full:https://registry.npmjs.org/axios set size:undefined disposed:false
23 silly fetch manifest dotenv@^16.3.1
24 silly packumentCache full:https://registry.npmjs.org/dotenv cache-miss
25 http fetch GET 200 https://registry.npmjs.org/dotenv 51ms (cache miss)
26 silly packumentCache full:https://registry.npmjs.org/dotenv set size:undefined disposed:false
27 silly fetch manifest cors@^2.8.5
28 silly packumentCache full:https://registry.npmjs.org/cors cache-miss
29 http fetch GET 200 https://registry.npmjs.org/cors 37ms (cache miss)
30 silly packumentCache full:https://registry.npmjs.org/cors set size:undefined disposed:false
31 silly fetch manifest jsonwebtoken@^9.0.2
32 silly packumentCache full:https://registry.npmjs.org/jsonwebtoken cache-miss
33 http fetch GET 200 https://registry.npmjs.org/jsonwebtoken 45ms (cache miss)
34 silly packumentCache full:https://registry.npmjs.org/jsonwebtoken set size:undefined disposed:false
35 silly fetch manifest express-validator@^7.0.1
36 silly packumentCache full:https://registry.npmjs.org/express-validator cache-miss
37 http fetch GET 200 https://registry.npmjs.org/express-validator 39ms (cache miss)
38 silly packumentCache full:https://registry.npmjs.org/express-validator set size:undefined disposed:false
39 silly fetch manifest nodemon@^3.0.1
40 silly packumentCache full:https://registry.npmjs.org/nodemon cache-miss
41 http fetch GET 200 https://registry.npmjs.org/nodemon 54ms (cache miss)
42 silly packumentCache full:https://registry.npmjs.org/nodemon set size:undefined disposed:false
43 silly placeDep ROOT axios@1.13.5 OK for: zoom-api-wrapper@2.0.0 want: ^1.6.0
44 silly placeDep ROOT cors@2.8.6 OK for: zoom-api-wrapper@2.0.0 want: ^2.8.5
45 silly placeDep ROOT dotenv@16.6.1 OK for: zoom-api-wrapper@2.0.0 want: ^16.3.1
46 silly placeDep ROOT express@4.22.1 OK for: zoom-api-wrapper@2.0.0 want: ^4.18.2
47 silly placeDep ROOT express-validator@7.3.1 OK for: zoom-api-wrapper@2.0.0 want: ^7.0.1
48 silly placeDep ROOT jsonwebtoken@9.0.3 OK for: zoom-api-wrapper@2.0.0 want: ^9.0.2
49 silly placeDep ROOT nodemon@3.1.11 OK for: zoom-api-wrapper@2.0.0 want: ^3.0.1
50 silly fetch manifest follow-redirects@^1.15.11
51 silly packumentCache full:https://registry.npmjs.org/follow-redirects cache-miss
52 silly fetch manifest form-data@^4.0.5
53 silly packumentCache full:https://registry.npmjs.org/form-data cache-miss
54 silly fetch manifest proxy-from-env@^1.1.0
55 silly packumentCache full:https://registry.npmjs.org/proxy-from-env cache-miss
56 silly fetch manifest object-assign@^4
57 silly packumentCache full:https://registry.npmjs.org/object-assign cache-miss
58 silly fetch manifest vary@^1
59 silly packumentCache full:https://registry.npmjs.org/vary cache-miss
60 silly fetch manifest qs@~6.14.0
61 silly packumentCache full:https://registry.npmjs.org/qs cache-miss
62 silly fetch manifest depd@2.0.0
63 silly packumentCache full:https://registry.npmjs.org/depd cache-miss
64 http fetch GET 200 https://registry.npmjs.org/follow-redirects 42ms (cache miss)
65 silly packumentCache full:https://registry.npmjs.org/follow-redirects set size:undefined disposed:false
66 silly fetch manifest etag@~1.8.1
67 silly packumentCache full:https://registry.npmjs.org/etag cache-miss
68 http fetch GET 200 https://registry.npmjs.org/form-data 55ms (cache miss)
69 silly packumentCache full:https://registry.npmjs.org/form-data set size:undefined disposed:false
70 silly fetch manifest send@~0.19.0
71 silly packumentCache full:https://registry.npmjs.org/send cache-miss
72 http fetch GET 200 https://registry.npmjs.org/etag 34ms (cache miss)
73 silly packumentCache full:https://registry.npmjs.org/etag set size:undefined disposed:false
74 silly fetch manifest vary@~1.1.2
75 silly packumentCache full:https://registry.npmjs.org/vary cache-miss
76 http fetch GET 200 https://registry.npmjs.org/vary 66ms (cache miss)
77 silly packumentCache full:https://registry.npmjs.org/vary set size:undefined disposed:false
78 silly fetch manifest debug@2.6.9
79 silly packumentCache full:https://registry.npmjs.org/debug cache-miss
80 http fetch GET 200 https://registry.npmjs.org/vary 144ms (cache miss)
81 silly packumentCache full:https://registry.npmjs.org/vary set size:undefined disposed:false
82 silly fetch manifest fresh@~0.5.2
83 silly packumentCache full:https://registry.npmjs.org/fresh cache-miss
84 http fetch GET 200 https://registry.npmjs.org/proxy-from-env 145ms (cache miss)
85 silly packumentCache full:https://registry.npmjs.org/proxy-from-env set size:undefined disposed:false
86 silly fetch manifest cookie@~0.7.1
87 silly packumentCache full:https://registry.npmjs.org/cookie cache-miss
88 http fetch GET 200 https://registry.npmjs.org/object-assign 146ms (cache miss)
89 silly packumentCache full:https://registry.npmjs.org/object-assign set size:undefined disposed:false
90 silly fetch manifest accepts@~1.3.8
91 silly packumentCache full:https://registry.npmjs.org/accepts cache-miss
92 http fetch GET 200 https://registry.npmjs.org/depd 146ms (cache miss)
93 silly packumentCache full:https://registry.npmjs.org/depd set size:undefined disposed:false
94 silly fetch manifest methods@~1.1.2
95 silly packumentCache full:https://registry.npmjs.org/methods cache-miss
96 http fetch GET 200 https://registry.npmjs.org/send 92ms (cache miss)
97 silly packumentCache full:https://registry.npmjs.org/send set size:undefined disposed:false
98 silly fetch manifest type-is@~1.6.18
99 silly packumentCache full:https://registry.npmjs.org/type-is cache-miss
100 http fetch GET 200 https://registry.npmjs.org/qs 152ms (cache miss)
101 silly packumentCache full:https://registry.npmjs.org/qs set size:undefined disposed:false
102 silly fetch manifest parseurl@~1.3.3
103 silly packumentCache full:https://registry.npmjs.org/parseurl cache-miss
104 http fetch GET 200 https://registry.npmjs.org/accepts 35ms (cache miss)
105 silly packumentCache full:https://registry.npmjs.org/accepts set size:undefined disposed:false
106 silly fetch manifest statuses@~2.0.1
107 silly packumentCache full:https://registry.npmjs.org/statuses cache-miss
108 http fetch GET 200 https://registry.npmjs.org/cookie 39ms (cache miss)
109 silly packumentCache full:https://registry.npmjs.org/cookie set size:undefined disposed:false
110 silly fetch manifest encodeurl@~2.0.0
111 silly packumentCache full:https://registry.npmjs.org/encodeurl cache-miss
112 http fetch GET 200 https://registry.npmjs.org/fresh 43ms (cache miss)
113 silly packumentCache full:https://registry.npmjs.org/fresh set size:undefined disposed:false
114 silly fetch manifest proxy-addr@~2.0.7
115 silly packumentCache full:https://registry.npmjs.org/proxy-addr cache-miss
116 http fetch GET 200 https://registry.npmjs.org/parseurl 45ms (cache miss)
117 silly packumentCache full:https://registry.npmjs.org/parseurl set size:undefined disposed:false
118 silly fetch manifest body-parser@~1.20.3
119 silly packumentCache full:https://registry.npmjs.org/body-parser cache-miss
120 http fetch GET 200 https://registry.npmjs.org/type-is 51ms (cache miss)
121 silly packumentCache full:https://registry.npmjs.org/type-is set size:undefined disposed:false
122 silly fetch manifest escape-html@~1.0.3
123 silly packumentCache full:https://registry.npmjs.org/escape-html cache-miss
124 http fetch GET 200 https://registry.npmjs.org/encodeurl 33ms (cache miss)
125 silly packumentCache full:https://registry.npmjs.org/encodeurl set size:undefined disposed:false
126 silly fetch manifest http-errors@~2.0.0
127 silly packumentCache full:https://registry.npmjs.org/http-errors cache-miss
128 http fetch GET 200 https://registry.npmjs.org/debug 76ms (cache miss)
129 silly packumentCache full:https://registry.npmjs.org/debug set size:undefined disposed:false
130 silly fetch manifest on-finished@~2.4.1
131 silly packumentCache full:https://registry.npmjs.org/on-finished cache-miss
132 http fetch GET 200 https://registry.npmjs.org/methods 80ms (cache miss)
133 silly packumentCache full:https://registry.npmjs.org/methods set size:undefined disposed:false
134 silly fetch manifest safe-buffer@5.2.1
135 silly packumentCache full:https://registry.npmjs.org/safe-buffer cache-miss
136 http fetch GET 200 https://registry.npmjs.org/proxy-addr 40ms (cache miss)
137 silly packumentCache full:https://registry.npmjs.org/proxy-addr set size:undefined disposed:false
138 silly fetch manifest utils-merge@1.0.1
139 silly packumentCache full:https://registry.npmjs.org/utils-merge cache-miss
140 http fetch GET 200 https://registry.npmjs.org/statuses 51ms (cache miss)
141 silly packumentCache full:https://registry.npmjs.org/statuses set size:undefined disposed:false
142 silly fetch manifest content-type@~1.0.4
143 silly packumentCache full:https://registry.npmjs.org/content-type cache-miss
144 http fetch GET 200 https://registry.npmjs.org/escape-html 45ms (cache miss)
145 silly packumentCache full:https://registry.npmjs.org/escape-html set size:undefined disposed:false
146 silly fetch manifest finalhandler@~1.3.1
147 silly packumentCache full:https://registry.npmjs.org/finalhandler cache-miss
148 http fetch GET 200 https://registry.npmjs.org/body-parser 69ms (cache miss)
149 silly packumentCache full:https://registry.npmjs.org/body-parser set size:undefined disposed:false
150 silly fetch manifest range-parser@~1.2.1
151 silly packumentCache full:https://registry.npmjs.org/range-parser cache-miss
152 http fetch GET 200 https://registry.npmjs.org/content-type 39ms (cache miss)
153 silly packumentCache full:https://registry.npmjs.org/content-type set size:undefined disposed:false
154 silly fetch manifest serve-static@~1.16.2
155 silly packumentCache full:https://registry.npmjs.org/serve-static cache-miss
156 http fetch GET 200 https://registry.npmjs.org/on-finished 57ms (cache miss)
157 silly packumentCache full:https://registry.npmjs.org/on-finished set size:undefined disposed:false
158 silly fetch manifest array-flatten@1.1.1
159 silly packumentCache full:https://registry.npmjs.org/array-flatten cache-miss
160 http fetch GET 200 https://registry.npmjs.org/utils-merge 51ms (cache miss)
161 silly packumentCache full:https://registry.npmjs.org/utils-merge set size:undefined disposed:false
162 silly fetch manifest path-to-regexp@~0.1.12
163 silly packumentCache full:https://registry.npmjs.org/path-to-regexp cache-miss
164 http fetch GET 200 https://registry.npmjs.org/http-errors 61ms (cache miss)
165 silly packumentCache full:https://registry.npmjs.org/http-errors set size:undefined disposed:false
166 silly fetch manifest setprototypeof@1.2.0
167 silly packumentCache full:https://registry.npmjs.org/setprototypeof cache-miss
168 http fetch GET 200 https://registry.npmjs.org/safe-buffer 54ms (cache miss)
169 silly packumentCache full:https://registry.npmjs.org/safe-buffer set size:undefined disposed:false
170 silly fetch manifest cookie-signature@~1.0.6
171 silly packumentCache full:https://registry.npmjs.org/cookie-signature cache-miss
172 http fetch GET 200 https://registry.npmjs.org/range-parser 39ms (cache miss)
173 silly packumentCache full:https://registry.npmjs.org/range-parser set size:undefined disposed:false
174 silly fetch manifest merge-descriptors@1.0.3
175 silly packumentCache full:https://registry.npmjs.org/merge-descriptors cache-miss
176 http fetch GET 200 https://registry.npmjs.org/serve-static 40ms (cache miss)
177 silly packumentCache full:https://registry.npmjs.org/serve-static set size:undefined disposed:false
178 silly fetch manifest content-disposition@~0.5.4
179 silly packumentCache full:https://registry.npmjs.org/content-disposition cache-miss
180 http fetch GET 200 https://registry.npmjs.org/setprototypeof 35ms (cache miss)
181 silly packumentCache full:https://registry.npmjs.org/setprototypeof set size:undefined disposed:false
182 silly fetch manifest lodash@^4.17.21
183 silly packumentCache full:https://registry.npmjs.org/lodash cache-miss
184 http fetch GET 200 https://registry.npmjs.org/array-flatten 39ms (cache miss)
185 silly packumentCache full:https://registry.npmjs.org/array-flatten set size:undefined disposed:false
186 silly fetch manifest validator@~13.15.23
187 silly packumentCache full:https://registry.npmjs.org/validator cache-miss
188 http fetch GET 200 https://registry.npmjs.org/cookie-signature 42ms (cache miss)
189 silly packumentCache full:https://registry.npmjs.org/cookie-signature set size:undefined disposed:false
190 silly fetch manifest ms@^2.1.1
191 silly packumentCache full:https://registry.npmjs.org/ms cache-miss
192 http fetch GET 200 https://registry.npmjs.org/finalhandler 81ms (cache miss)
193 silly packumentCache full:https://registry.npmjs.org/finalhandler set size:undefined disposed:false
194 silly fetch manifest jws@^4.0.1
195 silly packumentCache full:https://registry.npmjs.org/jws cache-miss
196 http fetch GET 200 https://registry.npmjs.org/path-to-regexp 48ms (cache miss)
197 silly packumentCache full:https://registry.npmjs.org/path-to-regexp set size:undefined disposed:false
198 silly fetch manifest semver@^7.5.4
199 silly packumentCache full:https://registry.npmjs.org/semver cache-miss
200 http fetch GET 200 https://registry.npmjs.org/content-disposition 40ms (cache miss)
201 silly packumentCache full:https://registry.npmjs.org/content-disposition set size:undefined disposed:false
202 silly fetch manifest lodash.once@^4.0.0
203 silly packumentCache full:https://registry.npmjs.org/lodash.once cache-miss
204 http fetch GET 200 https://registry.npmjs.org/merge-descriptors 43ms (cache miss)
205 silly packumentCache full:https://registry.npmjs.org/merge-descriptors set size:undefined disposed:false
206 silly fetch manifest lodash.includes@^4.3.0
207 silly packumentCache full:https://registry.npmjs.org/lodash.includes cache-miss
208 http fetch GET 200 https://registry.npmjs.org/lodash 44ms (cache miss)
209 silly packumentCache full:https://registry.npmjs.org/lodash set size:undefined disposed:false
210 silly fetch manifest lodash.isnumber@^3.0.3
211 silly packumentCache full:https://registry.npmjs.org/lodash.isnumber cache-miss
212 http fetch GET 200 https://registry.npmjs.org/semver 49ms (cache miss)
213 silly packumentCache full:https://registry.npmjs.org/semver set size:undefined disposed:false
214 silly fetch manifest lodash.isstring@^4.0.1
215 silly packumentCache full:https://registry.npmjs.org/lodash.isstring cache-miss
216 http fetch GET 200 https://registry.npmjs.org/lodash.isnumber 29ms (cache miss)
217 silly packumentCache full:https://registry.npmjs.org/lodash.isnumber set size:undefined disposed:false
218 silly fetch manifest lodash.isboolean@^3.0.3
219 silly packumentCache full:https://registry.npmjs.org/lodash.isboolean cache-miss
220 http fetch GET 200 https://registry.npmjs.org/lodash.includes 36ms (cache miss)
221 silly packumentCache full:https://registry.npmjs.org/lodash.includes set size:undefined disposed:false
222 silly fetch manifest lodash.isinteger@^4.0.4
223 silly packumentCache full:https://registry.npmjs.org/lodash.isinteger cache-miss
224 http fetch GET 200 https://registry.npmjs.org/lodash.once 45ms (cache miss)
225 silly packumentCache full:https://registry.npmjs.org/lodash.once set size:undefined disposed:false
226 silly fetch manifest lodash.isplainobject@^4.0.6
227 silly packumentCache full:https://registry.npmjs.org/lodash.isplainobject cache-miss
228 http fetch GET 200 https://registry.npmjs.org/lodash.isstring 45ms (cache miss)
229 silly packumentCache full:https://registry.npmjs.org/lodash.isstring set size:undefined disposed:false
230 silly fetch manifest chokidar@^3.5.2
231 silly packumentCache full:https://registry.npmjs.org/chokidar cache-miss
232 http fetch GET 200 https://registry.npmjs.org/lodash.isinteger 37ms (cache miss)
233 silly packumentCache full:https://registry.npmjs.org/lodash.isinteger set size:undefined disposed:false
234 silly fetch manifest debug@^4
235 silly packumentCache full:https://registry.npmjs.org/debug cache-miss
236 http cache https://registry.npmjs.org/debug 3ms (cache hit)
237 silly packumentCache full:https://registry.npmjs.org/debug set size:195840 disposed:false
238 silly fetch manifest ignore-by-default@^1.0.1
239 silly packumentCache full:https://registry.npmjs.org/ignore-by-default cache-miss
240 http fetch GET 200 https://registry.npmjs.org/lodash.isboolean 44ms (cache miss)
241 silly packumentCache full:https://registry.npmjs.org/lodash.isboolean set size:undefined disposed:false
242 silly fetch manifest minimatch@^3.1.2
243 silly packumentCache full:https://registry.npmjs.org/minimatch cache-miss
244 http fetch GET 200 https://registry.npmjs.org/lodash.isplainobject 40ms (cache miss)
245 silly packumentCache full:https://registry.npmjs.org/lodash.isplainobject set size:undefined disposed:false
246 silly fetch manifest pstree.remy@^1.1.8
247 silly packumentCache full:https://registry.npmjs.org/pstree.remy cache-miss
248 http fetch GET 200 https://registry.npmjs.org/ignore-by-default 43ms (cache miss)
249 silly packumentCache full:https://registry.npmjs.org/ignore-by-default set size:undefined disposed:false
250 silly fetch manifest semver@^7.5.3
251 silly packumentCache full:https://registry.npmjs.org/semver cache-miss
252 http fetch GET 200 https://registry.npmjs.org/chokidar 51ms (cache miss)
253 silly packumentCache full:https://registry.npmjs.org/chokidar set size:undefined disposed:false
254 silly fetch manifest simple-update-notifier@^2.0.0
255 silly packumentCache full:https://registry.npmjs.org/simple-update-notifier cache-miss
256 http cache https://registry.npmjs.org/semver 4ms (cache hit)
257 silly packumentCache full:https://registry.npmjs.org/semver set size:229678 disposed:false
258 silly fetch manifest supports-color@^5.5.0
259 silly packumentCache full:https://registry.npmjs.org/supports-color cache-miss
260 http fetch GET 200 https://registry.npmjs.org/pstree.remy 44ms (cache miss)
261 silly packumentCache full:https://registry.npmjs.org/pstree.remy set size:undefined disposed:false
262 silly fetch manifest touch@^3.1.0
263 silly packumentCache full:https://registry.npmjs.org/touch cache-miss
264 http fetch GET 200 https://registry.npmjs.org/touch 31ms (cache miss)
265 silly packumentCache full:https://registry.npmjs.org/touch set size:undefined disposed:false
266 silly fetch manifest undefsafe@^2.0.5
267 silly packumentCache full:https://registry.npmjs.org/undefsafe cache-miss
268 http fetch GET 200 https://registry.npmjs.org/simple-update-notifier 42ms (cache miss)
269 silly packumentCache full:https://registry.npmjs.org/simple-update-notifier set size:undefined disposed:false
270 http fetch GET 200 https://registry.npmjs.org/undefsafe 27ms (cache miss)
271 silly packumentCache full:https://registry.npmjs.org/undefsafe set size:undefined disposed:false
272 http fetch GET 200 https://registry.npmjs.org/supports-color 62ms (cache miss)
273 silly packumentCache full:https://registry.npmjs.org/supports-color set size:undefined disposed:false
274 http fetch GET 200 https://registry.npmjs.org/validator 368ms (cache miss)
275 silly packumentCache full:https://registry.npmjs.org/validator set size:undefined disposed:false
276 http fetch GET 200 https://registry.npmjs.org/ms 373ms (cache miss)
277 silly packumentCache full:https://registry.npmjs.org/ms set size:undefined disposed:false
278 http fetch GET 200 https://registry.npmjs.org/jws 407ms (cache miss)
279 silly packumentCache full:https://registry.npmjs.org/jws set size:undefined disposed:false
280 http fetch GET 200 https://registry.npmjs.org/minimatch 1010ms (cache miss)
281 silly packumentCache full:https://registry.npmjs.org/minimatch set size:undefined disposed:false
282 silly placeDep ROOT follow-redirects@1.15.11 OK for: axios@1.13.5 want: ^1.15.11
283 silly placeDep ROOT form-data@4.0.5 OK for: axios@1.13.5 want: ^4.0.5
284 silly placeDep ROOT proxy-from-env@1.1.0 OK for: axios@1.13.5 want: ^1.1.0
285 silly fetch manifest asynckit@^0.4.0
286 silly packumentCache full:https://registry.npmjs.org/asynckit cache-miss
287 silly fetch manifest combined-stream@^1.0.8
288 silly packumentCache full:https://registry.npmjs.org/combined-stream cache-miss
289 silly fetch manifest es-set-tostringtag@^2.1.0
290 silly packumentCache full:https://registry.npmjs.org/es-set-tostringtag cache-miss
291 silly fetch manifest hasown@^2.0.2
292 silly packumentCache full:https://registry.npmjs.org/hasown cache-miss
293 silly fetch manifest mime-types@^2.1.12
294 silly packumentCache full:https://registry.npmjs.org/mime-types cache-miss
295 http fetch GET 200 https://registry.npmjs.org/es-set-tostringtag 42ms (cache miss)
296 silly packumentCache full:https://registry.npmjs.org/es-set-tostringtag set size:undefined disposed:false
297 http fetch GET 200 https://registry.npmjs.org/hasown 48ms (cache miss)
298 silly packumentCache full:https://registry.npmjs.org/hasown set size:undefined disposed:false
299 http fetch GET 200 https://registry.npmjs.org/combined-stream 50ms (cache miss)
300 silly packumentCache full:https://registry.npmjs.org/combined-stream set size:undefined disposed:false
301 http fetch GET 200 https://registry.npmjs.org/asynckit 52ms (cache miss)
302 silly packumentCache full:https://registry.npmjs.org/asynckit set size:undefined disposed:false
303 http fetch GET 200 https://registry.npmjs.org/mime-types 47ms (cache miss)
304 silly packumentCache full:https://registry.npmjs.org/mime-types set size:undefined disposed:false
305 silly placeDep ROOT object-assign@4.1.1 OK for: cors@2.8.6 want: ^4
306 silly placeDep ROOT vary@1.1.2 OK for: cors@2.8.6 want: ^1
307 silly placeDep ROOT accepts@1.3.8 OK for: express@4.22.1 want: ~1.3.8
308 silly placeDep ROOT array-flatten@1.1.1 OK for: express@4.22.1 want: 1.1.1
309 silly placeDep ROOT body-parser@1.20.4 OK for: express@4.22.1 want: ~1.20.3
310 silly placeDep ROOT content-disposition@0.5.4 OK for: express@4.22.1 want: ~0.5.4
311 silly placeDep ROOT content-type@1.0.5 OK for: express@4.22.1 want: ~1.0.4
312 silly placeDep ROOT cookie@0.7.2 OK for: express@4.22.1 want: ~0.7.1
313 silly placeDep ROOT cookie-signature@1.0.7 OK for: express@4.22.1 want: ~1.0.6
314 silly placeDep ROOT debug@2.6.9 OK for: express@4.22.1 want: 2.6.9
315 silly placeDep ROOT depd@2.0.0 OK for: express@4.22.1 want: 2.0.0
316 silly placeDep ROOT encodeurl@2.0.0 OK for: express@4.22.1 want: ~2.0.0
317 silly placeDep ROOT escape-html@1.0.3 OK for: express@4.22.1 want: ~1.0.3
318 silly placeDep ROOT etag@1.8.1 OK for: express@4.22.1 want: ~1.8.1
319 silly placeDep ROOT finalhandler@1.3.2 OK for: express@4.22.1 want: ~1.3.1
320 silly placeDep ROOT fresh@0.5.2 OK for: express@4.22.1 want: ~0.5.2
321 silly placeDep ROOT http-errors@2.0.1 OK for: express@4.22.1 want: ~2.0.0
322 silly placeDep ROOT merge-descriptors@1.0.3 OK for: express@4.22.1 want: 1.0.3
323 silly placeDep ROOT methods@1.1.2 OK for: express@4.22.1 want: ~1.1.2
324 silly placeDep ROOT on-finished@2.4.1 OK for: express@4.22.1 want: ~2.4.1
325 silly placeDep ROOT parseurl@1.3.3 OK for: express@4.22.1 want: ~1.3.3
326 silly placeDep ROOT path-to-regexp@0.1.12 OK for: express@4.22.1 want: ~0.1.12
327 silly placeDep ROOT proxy-addr@2.0.7 OK for: express@4.22.1 want: ~2.0.7
328 silly placeDep ROOT qs@6.14.2 OK for: express@4.22.1 want: ~6.14.0
329 silly placeDep ROOT range-parser@1.2.1 OK for: express@4.22.1 want: ~1.2.1
330 silly placeDep ROOT safe-buffer@5.2.1 OK for: express@4.22.1 want: 5.2.1
331 silly placeDep ROOT send@0.19.2 OK for: express@4.22.1 want: ~0.19.0
332 silly placeDep ROOT serve-static@1.16.3 OK for: express@4.22.1 want: ~1.16.2
333 silly placeDep ROOT setprototypeof@1.2.0 OK for: express@4.22.1 want: 1.2.0
334 silly placeDep ROOT statuses@2.0.2 OK for: express@4.22.1 want: ~2.0.1
335 silly placeDep ROOT type-is@1.6.18 OK for: express@4.22.1 want: ~1.6.18
336 silly placeDep ROOT utils-merge@1.0.1 OK for: express@4.22.1 want: 1.0.1
337 silly fetch manifest mime-types@~2.1.34
338 silly packumentCache full:https://registry.npmjs.org/mime-types cache-miss
339 silly fetch manifest negotiator@0.6.3
340 silly packumentCache full:https://registry.npmjs.org/negotiator cache-miss
341 silly fetch manifest bytes@~3.1.2
342 silly packumentCache full:https://registry.npmjs.org/bytes cache-miss
343 silly fetch manifest unpipe@~1.0.0
344 silly packumentCache full:https://registry.npmjs.org/unpipe cache-miss
345 silly fetch manifest destroy@~1.2.0
346 silly packumentCache full:https://registry.npmjs.org/destroy cache-miss
347 silly fetch manifest raw-body@~2.5.3
348 silly packumentCache full:https://registry.npmjs.org/raw-body cache-miss
349 silly fetch manifest iconv-lite@~0.4.24
350 silly packumentCache full:https://registry.npmjs.org/iconv-lite cache-miss
351 http cache https://registry.npmjs.org/mime-types 7ms (cache hit)
352 silly packumentCache full:https://registry.npmjs.org/mime-types set size:139110 disposed:false
353 silly fetch manifest http-errors@~2.0.1
354 silly packumentCache full:https://registry.npmjs.org/http-errors cache-miss
355 http cache https://registry.npmjs.org/http-errors 1ms (cache hit)
356 silly packumentCache full:https://registry.npmjs.org/http-errors set size:71987 disposed:false
357 silly fetch manifest content-type@~1.0.5
358 silly packumentCache full:https://registry.npmjs.org/content-type cache-miss
359 http cache https://registry.npmjs.org/content-type 1ms (cache hit)
360 silly packumentCache full:https://registry.npmjs.org/content-type set size:17311 disposed:false
361 silly fetch manifest ms@2.0.0
362 silly packumentCache full:https://registry.npmjs.org/ms cache-miss
363 http cache https://registry.npmjs.org/ms 1ms (cache hit)
364 silly packumentCache full:https://registry.npmjs.org/ms set size:92208 disposed:false
365 silly fetch manifest unpipe@~1.0.0
366 silly packumentCache full:https://registry.npmjs.org/unpipe cache-miss
367 http fetch GET 200 https://registry.npmjs.org/destroy 40ms (cache miss)
368 silly packumentCache full:https://registry.npmjs.org/destroy set size:undefined disposed:false
369 silly fetch manifest statuses@~2.0.2
370 silly packumentCache full:https://registry.npmjs.org/statuses cache-miss
371 http fetch GET 200 https://registry.npmjs.org/negotiator 43ms (cache miss)
372 silly packumentCache full:https://registry.npmjs.org/negotiator set size:undefined disposed:false
373 silly fetch manifest inherits@~2.0.4
374 silly packumentCache full:https://registry.npmjs.org/inherits cache-miss
375 http fetch GET 200 https://registry.npmjs.org/unpipe 40ms (cache miss)
376 silly packumentCache full:https://registry.npmjs.org/unpipe set size:undefined disposed:false
377 silly fetch manifest setprototypeof@~1.2.0
378 silly packumentCache full:https://registry.npmjs.org/setprototypeof cache-miss
379 http fetch GET 200 https://registry.npmjs.org/bytes 54ms (cache miss)
380 silly packumentCache full:https://registry.npmjs.org/bytes set size:undefined disposed:false
381 silly fetch manifest statuses@~2.0.2
382 silly packumentCache full:https://registry.npmjs.org/statuses cache-miss
383 http cache https://registry.npmjs.org/statuses 13ms (cache hit)
384 silly packumentCache full:https://registry.npmjs.org/statuses set size:37117 disposed:false
385 silly fetch manifest toidentifier@~1.0.1
386 silly packumentCache full:https://registry.npmjs.org/toidentifier cache-miss
387 http fetch GET 200 https://registry.npmjs.org/unpipe 55ms (cache miss)
388 silly packumentCache full:https://registry.npmjs.org/unpipe set size:undefined disposed:false
389 silly fetch manifest ee-first@1.1.1
390 silly packumentCache full:https://registry.npmjs.org/ee-first cache-miss
391 http fetch GET 200 https://registry.npmjs.org/iconv-lite 57ms (cache miss)
392 silly packumentCache full:https://registry.npmjs.org/iconv-lite set size:undefined disposed:false
393 silly fetch manifest forwarded@0.2.0
394 silly packumentCache full:https://registry.npmjs.org/forwarded cache-miss
395 http cache https://registry.npmjs.org/statuses 6ms (cache hit)
396 silly packumentCache full:https://registry.npmjs.org/statuses set size:37117 disposed:false
397 silly packumentCache full:https://registry.npmjs.org/statuses dispose
398 silly fetch manifest ipaddr.js@1.9.1
399 silly packumentCache full:https://registry.npmjs.org/ipaddr.js cache-miss
400 http cache https://registry.npmjs.org/setprototypeof 10ms (cache hit)
401 silly packumentCache full:https://registry.npmjs.org/setprototypeof set size:14532 disposed:false
402 silly fetch manifest side-channel@^1.1.0
403 silly packumentCache full:https://registry.npmjs.org/side-channel cache-miss
404 http fetch GET 200 https://registry.npmjs.org/raw-body 63ms (cache miss)
405 silly packumentCache full:https://registry.npmjs.org/raw-body set size:undefined disposed:false
406 silly fetch manifest ms@2.1.3
407 silly packumentCache full:https://registry.npmjs.org/ms cache-hit
408 silly fetch manifest mime@1.6.0
409 silly packumentCache full:https://registry.npmjs.org/mime cache-miss
410 http fetch GET 200 https://registry.npmjs.org/toidentifier 30ms (cache miss)
411 silly packumentCache full:https://registry.npmjs.org/toidentifier set size:undefined disposed:false
412 silly fetch manifest destroy@1.2.0
413 silly packumentCache full:https://registry.npmjs.org/destroy cache-miss
414 http cache https://registry.npmjs.org/destroy 1ms (cache hit)
415 silly packumentCache full:https://registry.npmjs.org/destroy set size:15738 disposed:false
416 silly fetch manifest mime-types@~2.1.24
417 silly packumentCache full:https://registry.npmjs.org/mime-types cache-hit
418 silly fetch manifest media-typer@0.3.0
419 silly packumentCache full:https://registry.npmjs.org/media-typer cache-miss
420 http fetch GET 200 https://registry.npmjs.org/inherits 46ms (cache miss)
421 silly packumentCache full:https://registry.npmjs.org/inherits set size:undefined disposed:false
422 http fetch GET 200 https://registry.npmjs.org/ipaddr.js 33ms (cache miss)
423 silly packumentCache full:https://registry.npmjs.org/ipaddr.js set size:undefined disposed:false
424 http fetch GET 200 https://registry.npmjs.org/side-channel 36ms (cache miss)
425 silly packumentCache full:https://registry.npmjs.org/side-channel set size:undefined disposed:false
426 http fetch GET 200 https://registry.npmjs.org/forwarded 46ms (cache miss)
427 silly packumentCache full:https://registry.npmjs.org/forwarded set size:undefined disposed:false
428 http fetch GET 200 https://registry.npmjs.org/ee-first 57ms (cache miss)
429 silly packumentCache full:https://registry.npmjs.org/ee-first set size:undefined disposed:false
430 http fetch GET 200 https://registry.npmjs.org/mime 48ms (cache miss)
431 silly packumentCache full:https://registry.npmjs.org/mime set size:undefined disposed:false
432 http fetch GET 200 https://registry.npmjs.org/media-typer 45ms (cache miss)
433 silly packumentCache full:https://registry.npmjs.org/media-typer set size:undefined disposed:false
434 silly placeDep ROOT mime-types@2.1.35 OK for: accepts@1.3.8 want: ~2.1.34
435 silly placeDep ROOT negotiator@0.6.3 OK for: accepts@1.3.8 want: 0.6.3
436 silly fetch manifest mime-db@1.52.0
437 silly packumentCache full:https://registry.npmjs.org/mime-db cache-miss
438 http fetch GET 200 https://registry.npmjs.org/mime-db 63ms (cache miss)
439 silly packumentCache full:https://registry.npmjs.org/mime-db set size:undefined disposed:false
440 silly placeDep ROOT bytes@3.1.2 OK for: body-parser@1.20.4 want: ~3.1.2
441 silly placeDep ROOT destroy@1.2.0 OK for: body-parser@1.20.4 want: ~1.2.0
442 silly placeDep ROOT iconv-lite@0.4.24 OK for: body-parser@1.20.4 want: ~0.4.24
443 silly placeDep ROOT raw-body@2.5.3 OK for: body-parser@1.20.4 want: ~2.5.3
444 silly placeDep ROOT unpipe@1.0.0 OK for: body-parser@1.20.4 want: ~1.0.0
445 silly fetch manifest safer-buffer@>= 2.1.2 < 3
446 silly packumentCache full:https://registry.npmjs.org/safer-buffer cache-miss
447 http fetch GET 200 https://registry.npmjs.org/safer-buffer 49ms (cache miss)
448 silly packumentCache full:https://registry.npmjs.org/safer-buffer set size:undefined disposed:false
449 silly placeDep ROOT ms@2.0.0 OK for: debug@2.6.9 want: 2.0.0
450 silly placeDep ROOT lodash@4.17.23 OK for: express-validator@7.3.1 want: ^4.17.21
451 silly placeDep ROOT validator@13.15.26 OK for: express-validator@7.3.1 want: ~13.15.23
452 silly placeDep ROOT asynckit@0.4.0 OK for: form-data@4.0.5 want: ^0.4.0
453 silly placeDep ROOT combined-stream@1.0.8 OK for: form-data@4.0.5 want: ^1.0.8
454 silly placeDep ROOT es-set-tostringtag@2.1.0 OK for: form-data@4.0.5 want: ^2.1.0
455 silly placeDep ROOT hasown@2.0.2 OK for: form-data@4.0.5 want: ^2.0.2
456 silly fetch manifest delayed-stream@~1.0.0
457 silly packumentCache full:https://registry.npmjs.org/delayed-stream cache-miss
458 silly fetch manifest es-errors@^1.3.0
459 silly packumentCache full:https://registry.npmjs.org/es-errors cache-miss
460 silly fetch manifest get-intrinsic@^1.2.6
461 silly packumentCache full:https://registry.npmjs.org/get-intrinsic cache-miss
462 silly fetch manifest has-tostringtag@^1.0.2
463 silly packumentCache full:https://registry.npmjs.org/has-tostringtag cache-miss
464 silly fetch manifest function-bind@^1.1.2
465 silly packumentCache full:https://registry.npmjs.org/function-bind cache-miss
466 http fetch GET 200 https://registry.npmjs.org/delayed-stream 77ms (cache miss)
467 silly packumentCache full:https://registry.npmjs.org/delayed-stream set size:undefined disposed:false
468 http fetch GET 200 https://registry.npmjs.org/es-errors 77ms (cache miss)
469 silly packumentCache full:https://registry.npmjs.org/es-errors set size:undefined disposed:false
470 http fetch GET 200 https://registry.npmjs.org/has-tostringtag 37ms (cache miss)
471 silly packumentCache full:https://registry.npmjs.org/has-tostringtag set size:undefined disposed:false
472 http fetch GET 200 https://registry.npmjs.org/get-intrinsic 50ms (cache miss)
473 silly packumentCache full:https://registry.npmjs.org/get-intrinsic set size:undefined disposed:false
474 http fetch GET 200 https://registry.npmjs.org/function-bind 53ms (cache miss)
475 silly packumentCache full:https://registry.npmjs.org/function-bind set size:undefined disposed:false
476 silly placeDep ROOT delayed-stream@1.0.0 OK for: combined-stream@1.0.8 want: ~1.0.0
477 silly placeDep ROOT es-errors@1.3.0 OK for: es-set-tostringtag@2.1.0 want: ^1.3.0
478 silly placeDep ROOT get-intrinsic@1.3.0 OK for: es-set-tostringtag@2.1.0 want: ^1.2.6
479 silly placeDep ROOT has-tostringtag@1.0.2 OK for: es-set-tostringtag@2.1.0 want: ^1.0.2
480 silly fetch manifest gopd@^1.2.0
481 silly packumentCache full:https://registry.npmjs.org/gopd cache-miss
482 silly fetch manifest get-proto@^1.0.1
483 silly packumentCache full:https://registry.npmjs.org/get-proto cache-miss
484 silly fetch manifest has-symbols@^1.1.0
485 silly packumentCache full:https://registry.npmjs.org/has-symbols cache-miss
486 silly fetch manifest es-object-atoms@^1.1.1
487 silly packumentCache full:https://registry.npmjs.org/es-object-atoms cache-miss
488 silly fetch manifest math-intrinsics@^1.1.0
489 silly packumentCache full:https://registry.npmjs.org/math-intrinsics cache-miss
490 silly fetch manifest es-define-property@^1.0.1
491 silly packumentCache full:https://registry.npmjs.org/es-define-property cache-miss
492 silly fetch manifest call-bind-apply-helpers@^1.0.2
493 silly packumentCache full:https://registry.npmjs.org/call-bind-apply-helpers cache-miss
494 http fetch GET 200 https://registry.npmjs.org/es-object-atoms 32ms (cache miss)
495 silly packumentCache full:https://registry.npmjs.org/es-object-atoms set size:undefined disposed:false
496 silly fetch manifest has-symbols@^1.0.3
497 silly packumentCache full:https://registry.npmjs.org/has-symbols cache-miss
498 http fetch GET 200 https://registry.npmjs.org/call-bind-apply-helpers 34ms (cache miss)
499 silly packumentCache full:https://registry.npmjs.org/call-bind-apply-helpers set size:undefined disposed:false
500 http fetch GET 200 https://registry.npmjs.org/gopd 37ms (cache miss)
501 silly packumentCache full:https://registry.npmjs.org/gopd set size:undefined disposed:false
502 http fetch GET 200 https://registry.npmjs.org/get-proto 40ms (cache miss)
503 silly packumentCache full:https://registry.npmjs.org/get-proto set size:undefined disposed:false
504 http fetch GET 200 https://registry.npmjs.org/has-symbols 40ms (cache miss)
505 silly packumentCache full:https://registry.npmjs.org/has-symbols set size:undefined disposed:false
506 http fetch GET 200 https://registry.npmjs.org/math-intrinsics 39ms (cache miss)
507 silly packumentCache full:https://registry.npmjs.org/math-intrinsics set size:undefined disposed:false
508 http fetch GET 200 https://registry.npmjs.org/has-symbols 36ms (cache miss)
509 silly packumentCache full:https://registry.npmjs.org/has-symbols set size:undefined disposed:false
510 http fetch GET 200 https://registry.npmjs.org/es-define-property 175ms (cache miss)
511 silly packumentCache full:https://registry.npmjs.org/es-define-property set size:undefined disposed:false
512 silly placeDep ROOT call-bind-apply-helpers@1.0.2 OK for: get-intrinsic@1.3.0 want: ^1.0.2
513 silly placeDep ROOT es-define-property@1.0.1 OK for: get-intrinsic@1.3.0 want: ^1.0.1
514 silly placeDep ROOT es-object-atoms@1.1.1 OK for: get-intrinsic@1.3.0 want: ^1.1.1
515 silly placeDep ROOT function-bind@1.1.2 OK for: get-intrinsic@1.3.0 want: ^1.1.2
516 silly placeDep ROOT get-proto@1.0.1 OK for: get-intrinsic@1.3.0 want: ^1.0.1
517 silly placeDep ROOT gopd@1.2.0 OK for: get-intrinsic@1.3.0 want: ^1.2.0
518 silly placeDep ROOT has-symbols@1.1.0 OK for: get-intrinsic@1.3.0 want: ^1.1.0
519 silly placeDep ROOT math-intrinsics@1.1.0 OK for: get-intrinsic@1.3.0 want: ^1.1.0
520 silly fetch manifest dunder-proto@^1.0.1
521 silly packumentCache full:https://registry.npmjs.org/dunder-proto cache-miss
522 http fetch GET 200 https://registry.npmjs.org/dunder-proto 38ms (cache miss)
523 silly packumentCache full:https://registry.npmjs.org/dunder-proto set size:undefined disposed:false
524 silly placeDep ROOT dunder-proto@1.0.1 OK for: get-proto@1.0.1 want: ^1.0.1
525 silly placeDep ROOT inherits@2.0.4 OK for: http-errors@2.0.1 want: ~2.0.4
526 silly placeDep ROOT toidentifier@1.0.1 OK for: http-errors@2.0.1 want: ~1.0.1
527 silly placeDep ROOT safer-buffer@2.1.2 OK for: iconv-lite@0.4.24 want: >= 2.1.2 < 3
528 silly placeDep ROOT jws@4.0.1 OK for: jsonwebtoken@9.0.3 want: ^4.0.1
529 silly placeDep ROOT lodash.includes@4.3.0 OK for: jsonwebtoken@9.0.3 want: ^4.3.0
530 silly placeDep ROOT lodash.isboolean@3.0.3 OK for: jsonwebtoken@9.0.3 want: ^3.0.3
531 silly placeDep ROOT lodash.isinteger@4.0.4 OK for: jsonwebtoken@9.0.3 want: ^4.0.4
532 silly placeDep ROOT lodash.isnumber@3.0.3 OK for: jsonwebtoken@9.0.3 want: ^3.0.3
533 silly placeDep ROOT lodash.isplainobject@4.0.6 OK for: jsonwebtoken@9.0.3 want: ^4.0.6
534 silly placeDep ROOT lodash.isstring@4.0.1 OK for: jsonwebtoken@9.0.3 want: ^4.0.1
535 silly placeDep ROOT lodash.once@4.1.1 OK for: jsonwebtoken@9.0.3 want: ^4.0.0
536 silly placeDep node_modules/jsonwebtoken ms@2.1.3 OK for: jsonwebtoken@9.0.3 want: ^2.1.1
537 silly placeDep ROOT semver@7.7.4 OK for: jsonwebtoken@9.0.3 want: ^7.5.4
538 silly fetch manifest jwa@^2.0.1
539 silly packumentCache full:https://registry.npmjs.org/jwa cache-miss
540 http fetch GET 200 https://registry.npmjs.org/jwa 25ms (cache miss)
541 silly packumentCache full:https://registry.npmjs.org/jwa set size:undefined disposed:false
542 silly placeDep ROOT jwa@2.0.1 OK for: jws@4.0.1 want: ^2.0.1
543 silly fetch manifest ecdsa-sig-formatter@1.0.11
544 silly packumentCache full:https://registry.npmjs.org/ecdsa-sig-formatter cache-miss
545 silly fetch manifest buffer-equal-constant-time@^1.0.1
546 silly packumentCache full:https://registry.npmjs.org/buffer-equal-constant-time cache-miss
547 http fetch GET 200 https://registry.npmjs.org/ecdsa-sig-formatter 30ms (cache miss)
548 silly packumentCache full:https://registry.npmjs.org/ecdsa-sig-formatter set size:undefined disposed:false
549 http fetch GET 200 https://registry.npmjs.org/buffer-equal-constant-time 1054ms (cache miss)
550 silly packumentCache full:https://registry.npmjs.org/buffer-equal-constant-time set size:undefined disposed:false
551 silly placeDep ROOT buffer-equal-constant-time@1.0.1 OK for: jwa@2.0.1 want: ^1.0.1
552 silly placeDep ROOT ecdsa-sig-formatter@1.0.11 OK for: jwa@2.0.1 want: 1.0.11
553 silly placeDep ROOT mime-db@1.52.0 OK for: mime-types@2.1.35 want: 1.52.0
554 silly placeDep ROOT chokidar@3.6.0 OK for: nodemon@3.1.11 want: ^3.5.2
555 silly placeDep node_modules/nodemon debug@4.4.3 OK for: nodemon@3.1.11 want: ^4
556 silly placeDep ROOT ignore-by-default@1.0.1 OK for: nodemon@3.1.11 want: ^1.0.1
557 silly placeDep ROOT minimatch@3.1.2 OK for: nodemon@3.1.11 want: ^3.1.2
558 silly placeDep ROOT pstree.remy@1.1.8 OK for: nodemon@3.1.11 want: ^1.1.8
559 silly placeDep ROOT simple-update-notifier@2.0.0 OK for: nodemon@3.1.11 want: ^2.0.0
560 silly placeDep ROOT supports-color@5.5.0 OK for: nodemon@3.1.11 want: ^5.5.0
561 silly placeDep ROOT touch@3.1.1 OK for: nodemon@3.1.11 want: ^3.1.0
562 silly placeDep ROOT undefsafe@2.0.5 OK for: nodemon@3.1.11 want: ^2.0.5
563 silly fetch manifest braces@~3.0.2
564 silly packumentCache full:https://registry.npmjs.org/braces cache-miss
565 silly fetch manifest is-glob@~4.0.1
566 silly packumentCache full:https://registry.npmjs.org/is-glob cache-miss
567 silly fetch manifest anymatch@~3.1.2
568 silly packumentCache full:https://registry.npmjs.org/anymatch cache-miss
569 silly fetch manifest readdirp@~3.6.0
570 silly packumentCache full:https://registry.npmjs.org/readdirp cache-miss
571 silly fetch manifest glob-parent@~5.1.2
572 silly packumentCache full:https://registry.npmjs.org/glob-parent cache-miss
573 silly fetch manifest is-binary-path@~2.1.0
574 silly packumentCache full:https://registry.npmjs.org/is-binary-path cache-miss
575 silly fetch manifest normalize-path@~3.0.0
576 silly packumentCache full:https://registry.npmjs.org/normalize-path cache-miss
577 http fetch GET 200 https://registry.npmjs.org/is-binary-path 42ms (cache miss)
578 silly packumentCache full:https://registry.npmjs.org/is-binary-path set size:undefined disposed:false
579 silly fetch manifest fsevents@~2.3.2
580 silly packumentCache full:https://registry.npmjs.org/fsevents cache-miss
581 http fetch GET 200 https://registry.npmjs.org/glob-parent 46ms (cache miss)
582 silly packumentCache full:https://registry.npmjs.org/glob-parent set size:undefined disposed:false
583 silly fetch manifest ms@^2.1.3
584 silly packumentCache full:https://registry.npmjs.org/ms cache-hit
585 silly fetch manifest brace-expansion@^1.1.7
586 silly packumentCache full:https://registry.npmjs.org/brace-expansion cache-miss
587 http fetch GET 200 https://registry.npmjs.org/is-glob 49ms (cache miss)
588 silly packumentCache full:https://registry.npmjs.org/is-glob set size:undefined disposed:false
589 silly fetch manifest has-flag@^3.0.0
590 silly packumentCache full:https://registry.npmjs.org/has-flag cache-miss
591 http fetch GET 200 https://registry.npmjs.org/normalize-path 50ms (cache miss)
592 silly packumentCache full:https://registry.npmjs.org/normalize-path set size:undefined disposed:false
593 http fetch GET 200 https://registry.npmjs.org/anymatch 53ms (cache miss)
594 silly packumentCache full:https://registry.npmjs.org/anymatch set size:undefined disposed:false
595 http fetch GET 200 https://registry.npmjs.org/readdirp 53ms (cache miss)
596 silly packumentCache full:https://registry.npmjs.org/readdirp set size:undefined disposed:false
597 http fetch GET 200 https://registry.npmjs.org/braces 55ms (cache miss)
598 silly packumentCache full:https://registry.npmjs.org/braces set size:undefined disposed:false
599 http fetch GET 200 https://registry.npmjs.org/brace-expansion 54ms (cache miss)
600 silly packumentCache full:https://registry.npmjs.org/brace-expansion set size:undefined disposed:false
601 http fetch GET 200 https://registry.npmjs.org/has-flag 56ms (cache miss)
602 silly packumentCache full:https://registry.npmjs.org/has-flag set size:undefined disposed:false
603 http fetch GET 200 https://registry.npmjs.org/fsevents 64ms (cache miss)
604 silly packumentCache full:https://registry.npmjs.org/fsevents set size:undefined disposed:false
605 silly placeDep ROOT anymatch@3.1.3 OK for: chokidar@3.6.0 want: ~3.1.2
606 silly placeDep ROOT braces@3.0.3 OK for: chokidar@3.6.0 want: ~3.0.2
607 silly placeDep ROOT fsevents@2.3.3 OK for: chokidar@3.6.0 want: ~2.3.2
608 silly placeDep ROOT glob-parent@5.1.2 OK for: chokidar@3.6.0 want: ~5.1.2
609 silly placeDep ROOT is-binary-path@2.1.0 OK for: chokidar@3.6.0 want: ~2.1.0
610 silly placeDep ROOT is-glob@4.0.3 OK for: chokidar@3.6.0 want: ~4.0.1
611 silly placeDep ROOT normalize-path@3.0.0 OK for: chokidar@3.6.0 want: ~3.0.0
612 silly placeDep ROOT readdirp@3.6.0 OK for: chokidar@3.6.0 want: ~3.6.0
613 silly fetch manifest picomatch@^2.0.4
614 silly packumentCache full:https://registry.npmjs.org/picomatch cache-miss
615 silly fetch manifest normalize-path@^3.0.0
616 silly packumentCache full:https://registry.npmjs.org/normalize-path cache-miss
617 silly fetch manifest fill-range@^7.1.1
618 silly packumentCache full:https://registry.npmjs.org/fill-range cache-miss
619 silly fetch manifest is-glob@^4.0.1
620 silly packumentCache full:https://registry.npmjs.org/is-glob cache-miss
621 silly fetch manifest binary-extensions@^2.0.0
622 silly packumentCache full:https://registry.npmjs.org/binary-extensions cache-miss
623 silly fetch manifest is-extglob@^2.1.1
624 silly packumentCache full:https://registry.npmjs.org/is-extglob cache-miss
625 silly fetch manifest picomatch@^2.2.1
626 silly packumentCache full:https://registry.npmjs.org/picomatch cache-miss
627 http cache https://registry.npmjs.org/normalize-path 18ms (cache hit)
628 silly packumentCache full:https://registry.npmjs.org/normalize-path set size:28713 disposed:false
629 http cache https://registry.npmjs.org/is-glob 18ms (cache hit)
630 silly packumentCache full:https://registry.npmjs.org/is-glob set size:40530 disposed:false
631 http fetch GET 200 https://registry.npmjs.org/is-extglob 96ms (cache miss)
632 silly packumentCache full:https://registry.npmjs.org/is-extglob set size:undefined disposed:false
633 http fetch GET 200 https://registry.npmjs.org/fill-range 102ms (cache miss)
634 silly packumentCache full:https://registry.npmjs.org/fill-range set size:undefined disposed:false
635 http fetch GET 200 https://registry.npmjs.org/picomatch 115ms (cache miss)
636 silly packumentCache full:https://registry.npmjs.org/picomatch set size:undefined disposed:false
637 http fetch GET 200 https://registry.npmjs.org/binary-extensions 117ms (cache miss)
638 silly packumentCache full:https://registry.npmjs.org/binary-extensions set size:undefined disposed:false
639 http fetch GET 200 https://registry.npmjs.org/picomatch 118ms (cache miss)
640 silly packumentCache full:https://registry.npmjs.org/picomatch set size:undefined disposed:false
641 silly placeDep ROOT picomatch@2.3.1 OK for: anymatch@3.1.3 want: ^2.0.4
642 silly placeDep ROOT fill-range@7.1.1 OK for: braces@3.0.3 want: ^7.1.1
643 silly fetch manifest to-regex-range@^5.0.1
644 silly packumentCache full:https://registry.npmjs.org/to-regex-range cache-miss
645 http fetch GET 200 https://registry.npmjs.org/to-regex-range 76ms (cache miss)
646 silly packumentCache full:https://registry.npmjs.org/to-regex-range set size:undefined disposed:false
647 silly placeDep ROOT to-regex-range@5.0.1 OK for: fill-range@7.1.1 want: ^5.0.1
648 silly fetch manifest is-number@^7.0.0
649 silly packumentCache full:https://registry.npmjs.org/is-number cache-miss
650 http fetch GET 200 https://registry.npmjs.org/is-number 1001ms (cache miss)
651 silly packumentCache full:https://registry.npmjs.org/is-number set size:undefined disposed:false
652 silly placeDep ROOT binary-extensions@2.3.0 OK for: is-binary-path@2.1.0 want: ^2.0.0
653 silly placeDep ROOT is-extglob@2.1.1 OK for: is-glob@4.0.3 want: ^2.1.1
654 silly placeDep ROOT brace-expansion@1.1.12 OK for: minimatch@3.1.2 want: ^1.1.7
655 silly fetch manifest concat-map@0.0.1
656 silly packumentCache full:https://registry.npmjs.org/concat-map cache-miss
657 silly fetch manifest balanced-match@^1.0.0
658 silly packumentCache full:https://registry.npmjs.org/balanced-match cache-miss
659 http fetch GET 200 https://registry.npmjs.org/concat-map 40ms (cache miss)
660 silly packumentCache full:https://registry.npmjs.org/concat-map set size:undefined disposed:false
661 http fetch GET 200 https://registry.npmjs.org/balanced-match 39ms (cache miss)
662 silly packumentCache full:https://registry.npmjs.org/balanced-match set size:undefined disposed:false
663 silly placeDep ROOT balanced-match@1.0.2 OK for: brace-expansion@1.1.12 want: ^1.0.0
664 silly placeDep ROOT concat-map@0.0.1 OK for: brace-expansion@1.1.12 want: 0.0.1
665 silly placeDep ROOT ee-first@1.1.1 OK for: on-finished@2.4.1 want: 1.1.1
666 silly placeDep ROOT forwarded@0.2.0 OK for: proxy-addr@2.0.7 want: 0.2.0
667 silly placeDep ROOT ipaddr.js@1.9.1 OK for: proxy-addr@2.0.7 want: 1.9.1
668 silly placeDep ROOT side-channel@1.1.0 OK for: qs@6.14.2 want: ^1.1.0
669 silly fetch manifest object-inspect@^1.13.3
670 silly packumentCache full:https://registry.npmjs.org/object-inspect cache-miss
671 silly fetch manifest side-channel-list@^1.0.0
672 silly packumentCache full:https://registry.npmjs.org/side-channel-list cache-miss
673 silly fetch manifest side-channel-map@^1.0.1
674 silly packumentCache full:https://registry.npmjs.org/side-channel-map cache-miss
675 silly fetch manifest side-channel-weakmap@^1.0.2
676 silly packumentCache full:https://registry.npmjs.org/side-channel-weakmap cache-miss
677 http fetch GET 200 https://registry.npmjs.org/side-channel-weakmap 47ms (cache miss)
678 silly packumentCache full:https://registry.npmjs.org/side-channel-weakmap set size:undefined disposed:false
679 http fetch GET 200 https://registry.npmjs.org/object-inspect 49ms (cache miss)
680 silly packumentCache full:https://registry.npmjs.org/object-inspect set size:undefined disposed:false
681 http fetch GET 200 https://registry.npmjs.org/side-channel-map 65ms (cache miss)
682 silly packumentCache full:https://registry.npmjs.org/side-channel-map set size:undefined disposed:false
683 http fetch GET 200 https://registry.npmjs.org/side-channel-list 82ms (cache miss)
684 silly packumentCache full:https://registry.npmjs.org/side-channel-list set size:undefined disposed:false
685 silly placeDep ROOT mime@1.6.0 OK for: send@0.19.2 want: 1.6.0
686 silly placeDep node_modules/send ms@2.1.3 OK for: send@0.19.2 want: 2.1.3
687 silly placeDep ROOT object-inspect@1.13.4 OK for: side-channel@1.1.0 want: ^1.13.3
688 silly placeDep ROOT side-channel-list@1.0.0 OK for: side-channel@1.1.0 want: ^1.0.0
689 silly placeDep ROOT side-channel-map@1.0.1 OK for: side-channel@1.1.0 want: ^1.0.1
690 silly placeDep ROOT side-channel-weakmap@1.0.2 OK for: side-channel@1.1.0 want: ^1.0.2
691 silly fetch manifest call-bound@^1.0.2
692 silly packumentCache full:https://registry.npmjs.org/call-bound cache-miss
693 silly fetch manifest call-bound@^1.0.2
694 silly packumentCache full:https://registry.npmjs.org/call-bound cache-miss
695 http fetch GET 200 https://registry.npmjs.org/call-bound 32ms (cache miss)
696 silly packumentCache full:https://registry.npmjs.org/call-bound set size:undefined disposed:false
697 http fetch GET 200 https://registry.npmjs.org/call-bound 35ms (cache miss)
698 silly packumentCache full:https://registry.npmjs.org/call-bound set size:undefined disposed:false
699 silly placeDep ROOT call-bound@1.0.4 OK for: side-channel-map@1.0.1 want: ^1.0.2
700 silly placeDep ROOT has-flag@3.0.0 OK for: supports-color@5.5.0 want: ^3.0.0
701 silly placeDep ROOT is-number@7.0.0 OK for: to-regex-range@5.0.1 want: ^7.0.0
702 silly placeDep ROOT media-typer@0.3.0 OK for: type-is@1.6.18 want: 0.3.0
703 silly placeDep node_modules/nodemon ms@2.1.3 OK for: debug@4.4.3 want: ^2.1.3
704 silly reify moves {}
705 silly audit bulk request {
705 silly audit   axios: [ '1.13.5' ],
705 silly audit   cors: [ '2.8.6' ],
705 silly audit   dotenv: [ '16.6.1' ],
705 silly audit   express: [ '4.22.1' ],
705 silly audit   'express-validator': [ '7.3.1' ],
705 silly audit   jsonwebtoken: [ '9.0.3' ],
705 silly audit   nodemon: [ '3.1.11' ],
705 silly audit   'follow-redirects': [ '1.15.11' ],
705 silly audit   'form-data': [ '4.0.5' ],
705 silly audit   'proxy-from-env': [ '1.1.0' ],
705 silly audit   'object-assign': [ '4.1.1' ],
705 silly audit   vary: [ '1.1.2' ],
705 silly audit   accepts: [ '1.3.8' ],
705 silly audit   'array-flatten': [ '1.1.1' ],
705 silly audit   'body-parser': [ '1.20.4' ],
705 silly audit   'content-disposition': [ '0.5.4' ],
705 silly audit   'content-type': [ '1.0.5' ],
705 silly audit   cookie: [ '0.7.2' ],
705 silly audit   'cookie-signature': [ '1.0.7' ],
705 silly audit   debug: [ '2.6.9', '4.4.3' ],
705 silly audit   depd: [ '2.0.0' ],
705 silly audit   encodeurl: [ '2.0.0' ],
705 silly audit   'escape-html': [ '1.0.3' ],
705 silly audit   etag: [ '1.8.1' ],
705 silly audit   finalhandler: [ '1.3.2' ],
705 silly audit   fresh: [ '0.5.2' ],
705 silly audit   'http-errors': [ '2.0.1' ],
705 silly audit   'merge-descriptors': [ '1.0.3' ],
705 silly audit   methods: [ '1.1.2' ],
705 silly audit   'on-finished': [ '2.4.1' ],
705 silly audit   parseurl: [ '1.3.3' ],
705 silly audit   'path-to-regexp': [ '0.1.12' ],
705 silly audit   'proxy-addr': [ '2.0.7' ],
705 silly audit   qs: [ '6.14.2' ],
705 silly audit   'range-parser': [ '1.2.1' ],
705 silly audit   'safe-buffer': [ '5.2.1' ],
705 silly audit   send: [ '0.19.2' ],
705 silly audit   'serve-static': [ '1.16.3' ],
705 silly audit   setprototypeof: [ '1.2.0' ],
705 silly audit   statuses: [ '2.0.2' ],
705 silly audit   'type-is': [ '1.6.18' ],
705 silly audit   'utils-merge': [ '1.0.1' ],
705 silly audit   'mime-types': [ '2.1.35' ],
705 silly audit   negotiator: [ '0.6.3' ],
705 silly audit   bytes: [ '3.1.2' ],
705 silly audit   destroy: [ '1.2.0' ],
705 silly audit   'iconv-lite': [ '0.4.24' ],
705 silly audit   'raw-body': [ '2.5.3' ],
705 silly audit   unpipe: [ '1.0.0' ],
705 silly audit   ms: [ '2.0.0', '2.1.3' ],
705 silly audit   lodash: [ '4.17.23' ],
705 silly audit   validator: [ '13.15.26' ],
705 silly audit   asynckit: [ '0.4.0' ],
705 silly audit   'combined-stream': [ '1.0.8' ],
705 silly audit   'es-set-tostringtag': [ '2.1.0' ],
705 silly audit   hasown: [ '2.0.2' ],
705 silly audit   'delayed-stream': [ '1.0.0' ],
705 silly audit   'es-errors': [ '1.3.0' ],
705 silly audit   'get-intrinsic': [ '1.3.0' ],
705 silly audit   'has-tostringtag': [ '1.0.2' ],
705 silly audit   'call-bind-apply-helpers': [ '1.0.2' ],
705 silly audit   'es-define-property': [ '1.0.1' ],
705 silly audit   'es-object-atoms': [ '1.1.1' ],
705 silly audit   'function-bind': [ '1.1.2' ],
705 silly audit   'get-proto': [ '1.0.1' ],
705 silly audit   gopd: [ '1.2.0' ],
705 silly audit   'has-symbols': [ '1.1.0' ],
705 silly audit   'math-intrinsics': [ '1.1.0' ],
705 silly audit   'dunder-proto': [ '1.0.1' ],
705 silly audit   inherits: [ '2.0.4' ],
705 silly audit   toidentifier: [ '1.0.1' ],
705 silly audit   'safer-buffer': [ '2.1.2' ],
705 silly audit   jws: [ '4.0.1' ],
705 silly audit   'lodash.includes': [ '4.3.0' ],
705 silly audit   'lodash.isboolean': [ '3.0.3' ],
705 silly audit   'lodash.isinteger': [ '4.0.4' ],
705 silly audit   'lodash.isnumber': [ '3.0.3' ],
705 silly audit   'lodash.isplainobject': [ '4.0.6' ],
705 silly audit   'lodash.isstring': [ '4.0.1' ],
705 silly audit   'lodash.once': [ '4.1.1' ],
705 silly audit   semver: [ '7.7.4' ],
705 silly audit   jwa: [ '2.0.1' ],
705 silly audit   'buffer-equal-constant-time': [ '1.0.1' ],
705 silly audit   'ecdsa-sig-formatter': [ '1.0.11' ],
705 silly audit   'mime-db': [ '1.52.0' ],
705 silly audit   chokidar: [ '3.6.0' ],
705 silly audit   'ignore-by-default': [ '1.0.1' ],
705 silly audit   minimatch: [ '3.1.2' ],
705 silly audit   'pstree.remy': [ '1.1.8' ],
705 silly audit   'simple-update-notifier': [ '2.0.0' ],
705 silly audit   'supports-color': [ '5.5.0' ],
705 silly audit   touch: [ '3.1.1' ],
705 silly audit   undefsafe: [ '2.0.5' ],
705 silly audit   anymatch: [ '3.1.3' ],
705 silly audit   braces: [ '3.0.3' ],
705 silly audit   fsevents: [ '2.3.3' ],
705 silly audit   'glob-parent': [ '5.1.2' ],
705 silly audit   'is-binary-path': [ '2.1.0' ],
705 silly audit   'is-glob': [ '4.0.3' ],
705 silly audit   'normalize-path': [ '3.0.0' ],
705 silly audit   readdirp: [ '3.6.0' ],
705 silly audit   picomatch: [ '2.3.1' ],
705 silly audit   'fill-range': [ '7.1.1' ],
705 silly audit   'to-regex-range': [ '5.0.1' ],
705 silly audit   'binary-extensions': [ '2.3.0' ],
705 silly audit   'is-extglob': [ '2.1.1' ],
705 silly audit   'brace-expansion': [ '1.1.12' ],
705 silly audit   'balanced-match': [ '1.0.2' ],
705 silly audit   'concat-map': [ '0.0.1' ],
705 silly audit   'ee-first': [ '1.1.1' ],
705 silly audit   forwarded: [ '0.2.0' ],
705 silly audit   'ipaddr.js': [ '1.9.1' ],
705 silly audit   'side-channel': [ '1.1.0' ],
705 silly audit   mime: [ '1.6.0' ],
705 silly audit   'object-inspect': [ '1.13.4' ],
705 silly audit   'side-channel-list': [ '1.0.0' ],
705 silly audit   'side-channel-map': [ '1.0.1' ],
705 silly audit   'side-channel-weakmap': [ '1.0.2' ],
705 silly audit   'call-bound': [ '1.0.4' ],
705 silly audit   'has-flag': [ '3.0.0' ],
705 silly audit   'is-number': [ '7.0.0' ],
705 silly audit   'media-typer': [ '0.3.0' ]
705 silly audit }
706 http cache is-number@https://registry.npmjs.org/is-number/-/is-number-7.0.0.tgz 0ms (cache hit)
707 http cache has-flag@https://registry.npmjs.org/has-flag/-/has-flag-3.0.0.tgz 0ms (cache hit)
708 http cache object-inspect@https://registry.npmjs.org/object-inspect/-/object-inspect-1.13.4.tgz 0ms (cache hit)
709 http cache media-typer@https://registry.npmjs.org/media-typer/-/media-typer-0.3.0.tgz 0ms (cache hit)
710 http cache side-channel-weakmap@https://registry.npmjs.org/side-channel-weakmap/-/side-channel-weakmap-1.0.2.tgz 0ms (cache hit)
711 http cache side-channel-map@https://registry.npmjs.org/side-channel-map/-/side-channel-map-1.0.1.tgz 0ms (cache hit)
712 http cache mime@https://registry.npmjs.org/mime/-/mime-1.6.0.tgz 0ms (cache hit)
713 http cache side-channel-list@https://registry.npmjs.org/side-channel-list/-/side-channel-list-1.0.0.tgz 0ms (cache hit)
714 http cache ee-first@https://registry.npmjs.org/ee-first/-/ee-first-1.1.1.tgz 0ms (cache hit)
715 http cache balanced-match@https://registry.npmjs.org/balanced-match/-/balanced-match-1.0.2.tgz 0ms (cache hit)
716 http cache ipaddr.js@https://registry.npmjs.org/ipaddr.js/-/ipaddr.js-1.9.1.tgz 0ms (cache hit)
717 http cache call-bound@https://registry.npmjs.org/call-bound/-/call-bound-1.0.4.tgz 0ms (cache hit)
718 http cache forwarded@https://registry.npmjs.org/forwarded/-/forwarded-0.2.0.tgz 0ms (cache hit)
719 http cache side-channel@https://registry.npmjs.org/side-channel/-/side-channel-1.1.0.tgz 0ms (cache hit)
720 http cache binary-extensions@https://registry.npmjs.org/binary-extensions/-/binary-extensions-2.3.0.tgz 0ms (cache hit)
721 http cache brace-expansion@https://registry.npmjs.org/brace-expansion/-/brace-expansion-1.1.12.tgz 0ms (cache hit)
722 http cache fill-range@https://registry.npmjs.org/fill-range/-/fill-range-7.1.1.tgz 0ms (cache hit)
723 http cache to-regex-range@https://registry.npmjs.org/to-regex-range/-/to-regex-range-5.0.1.tgz 0ms (cache hit)
724 http cache picomatch@https://registry.npmjs.org/picomatch/-/picomatch-2.3.1.tgz 0ms (cache hit)
725 http cache normalize-path@https://registry.npmjs.org/normalize-path/-/normalize-path-3.0.0.tgz 0ms (cache hit)
726 http cache is-glob@https://registry.npmjs.org/is-glob/-/is-glob-4.0.3.tgz 0ms (cache hit)
727 http cache readdirp@https://registry.npmjs.org/readdirp/-/readdirp-3.6.0.tgz 0ms (cache hit)
728 http cache fsevents@https://registry.npmjs.org/fsevents/-/fsevents-2.3.3.tgz 0ms (cache hit)
729 http cache glob-parent@https://registry.npmjs.org/glob-parent/-/glob-parent-5.1.2.tgz 0ms (cache hit)
730 http cache is-binary-path@https://registry.npmjs.org/is-binary-path/-/is-binary-path-2.1.0.tgz 0ms (cache hit)
731 http cache braces@https://registry.npmjs.org/braces/-/braces-3.0.3.tgz 0ms (cache hit)
732 http cache is-extglob@https://registry.npmjs.org/is-extglob/-/is-extglob-2.1.1.tgz 0ms (cache hit)
733 http cache concat-map@https://registry.npmjs.org/concat-map/-/concat-map-0.0.1.tgz 0ms (cache hit)
734 http cache anymatch@https://registry.npmjs.org/anymatch/-/anymatch-3.1.3.tgz 0ms (cache hit)
735 http cache touch@https://registry.npmjs.org/touch/-/touch-3.1.1.tgz 0ms (cache hit)
736 http cache undefsafe@https://registry.npmjs.org/undefsafe/-/undefsafe-2.0.5.tgz 0ms (cache hit)
737 http cache supports-color@https://registry.npmjs.org/supports-color/-/supports-color-5.5.0.tgz 0ms (cache hit)
738 http cache pstree.remy@https://registry.npmjs.org/pstree.remy/-/pstree.remy-1.1.8.tgz 0ms (cache hit)
739 http cache simple-update-notifier@https://registry.npmjs.org/simple-update-notifier/-/simple-update-notifier-2.0.0.tgz 0ms (cache hit)
740 http cache minimatch@https://registry.npmjs.org/minimatch/-/minimatch-3.1.2.tgz 0ms (cache hit)
741 http cache chokidar@https://registry.npmjs.org/chokidar/-/chokidar-3.6.0.tgz 0ms (cache hit)
742 http cache ecdsa-sig-formatter@https://registry.npmjs.org/ecdsa-sig-formatter/-/ecdsa-sig-formatter-1.0.11.tgz 0ms (cache hit)
743 http cache ignore-by-default@https://registry.npmjs.org/ignore-by-default/-/ignore-by-default-1.0.1.tgz 0ms (cache hit)
744 http cache jwa@https://registry.npmjs.org/jwa/-/jwa-2.0.1.tgz 0ms (cache hit)
745 http cache buffer-equal-constant-time@https://registry.npmjs.org/buffer-equal-constant-time/-/buffer-equal-constant-time-1.0.1.tgz 0ms (cache hit)
746 http cache semver@https://registry.npmjs.org/semver/-/semver-7.7.4.tgz 0ms (cache hit)
747 http cache lodash.once@https://registry.npmjs.org/lodash.once/-/lodash.once-4.1.1.tgz 0ms (cache hit)
748 http cache lodash.isstring@https://registry.npmjs.org/lodash.isstring/-/lodash.isstring-4.0.1.tgz 0ms (cache hit)
749 http cache lodash.isplainobject@https://registry.npmjs.org/lodash.isplainobject/-/lodash.isplainobject-4.0.6.tgz 0ms (cache hit)
750 http cache lodash.isboolean@https://registry.npmjs.org/lodash.isboolean/-/lodash.isboolean-3.0.3.tgz 0ms (cache hit)
751 http cache mime-db@https://registry.npmjs.org/mime-db/-/mime-db-1.52.0.tgz 0ms (cache hit)
752 http cache lodash.isinteger@https://registry.npmjs.org/lodash.isinteger/-/lodash.isinteger-4.0.4.tgz 0ms (cache hit)
753 http cache lodash.isnumber@https://registry.npmjs.org/lodash.isnumber/-/lodash.isnumber-3.0.3.tgz 0ms (cache hit)
754 http cache lodash.includes@https://registry.npmjs.org/lodash.includes/-/lodash.includes-4.3.0.tgz 0ms (cache hit)
755 http cache safer-buffer@https://registry.npmjs.org/safer-buffer/-/safer-buffer-2.1.2.tgz 0ms (cache hit)
756 http cache jws@https://registry.npmjs.org/jws/-/jws-4.0.1.tgz 0ms (cache hit)
757 http cache dunder-proto@https://registry.npmjs.org/dunder-proto/-/dunder-proto-1.0.1.tgz 0ms (cache hit)
758 http cache inherits@https://registry.npmjs.org/inherits/-/inherits-2.0.4.tgz 0ms (cache hit)
759 http cache has-symbols@https://registry.npmjs.org/has-symbols/-/has-symbols-1.1.0.tgz 0ms (cache hit)
760 http cache math-intrinsics@https://registry.npmjs.org/math-intrinsics/-/math-intrinsics-1.1.0.tgz 0ms (cache hit)
761 http cache gopd@https://registry.npmjs.org/gopd/-/gopd-1.2.0.tgz 0ms (cache hit)
762 http cache toidentifier@https://registry.npmjs.org/toidentifier/-/toidentifier-1.0.1.tgz 0ms (cache hit)
763 http cache function-bind@https://registry.npmjs.org/function-bind/-/function-bind-1.1.2.tgz 0ms (cache hit)
764 http cache es-define-property@https://registry.npmjs.org/es-define-property/-/es-define-property-1.0.1.tgz 0ms (cache hit)
765 http cache es-object-atoms@https://registry.npmjs.org/es-object-atoms/-/es-object-atoms-1.1.1.tgz 0ms (cache hit)
766 http cache has-tostringtag@https://registry.npmjs.org/has-tostringtag/-/has-tostringtag-1.0.2.tgz 0ms (cache hit)
767 http cache get-proto@https://registry.npmjs.org/get-proto/-/get-proto-1.0.1.tgz 0ms (cache hit)
768 http cache hasown@https://registry.npmjs.org/hasown/-/hasown-2.0.2.tgz 0ms (cache hit)
769 http cache es-errors@https://registry.npmjs.org/es-errors/-/es-errors-1.3.0.tgz 0ms (cache hit)
770 http cache get-intrinsic@https://registry.npmjs.org/get-intrinsic/-/get-intrinsic-1.3.0.tgz 0ms (cache hit)
771 http cache combined-stream@https://registry.npmjs.org/combined-stream/-/combined-stream-1.0.8.tgz 0ms (cache hit)
772 http cache asynckit@https://registry.npmjs.org/asynckit/-/asynckit-0.4.0.tgz 0ms (cache hit)
773 http cache es-set-tostringtag@https://registry.npmjs.org/es-set-tostringtag/-/es-set-tostringtag-2.1.0.tgz 0ms (cache hit)
774 http cache validator@https://registry.npmjs.org/validator/-/validator-13.15.26.tgz 0ms (cache hit)
775 http cache lodash@https://registry.npmjs.org/lodash/-/lodash-4.17.23.tgz 0ms (cache hit)
776 http cache delayed-stream@https://registry.npmjs.org/delayed-stream/-/delayed-stream-1.0.0.tgz 0ms (cache hit)
777 http cache unpipe@https://registry.npmjs.org/unpipe/-/unpipe-1.0.0.tgz 0ms (cache hit)
778 http cache raw-body@https://registry.npmjs.org/raw-body/-/raw-body-2.5.3.tgz 0ms (cache hit)
779 http cache iconv-lite@https://registry.npmjs.org/iconv-lite/-/iconv-lite-0.4.24.tgz 0ms (cache hit)
780 http cache ms@https://registry.npmjs.org/ms/-/ms-2.0.0.tgz 0ms (cache hit)
781 http cache destroy@https://registry.npmjs.org/destroy/-/destroy-1.2.0.tgz 0ms (cache hit)
782 http cache negotiator@https://registry.npmjs.org/negotiator/-/negotiator-0.6.3.tgz 0ms (cache hit)
783 http cache utils-merge@https://registry.npmjs.org/utils-merge/-/utils-merge-1.0.1.tgz 0ms (cache hit)
784 http cache mime-types@https://registry.npmjs.org/mime-types/-/mime-types-2.1.35.tgz 0ms (cache hit)
785 http cache setprototypeof@https://registry.npmjs.org/setprototypeof/-/setprototypeof-1.2.0.tgz 0ms (cache hit)
786 http cache statuses@https://registry.npmjs.org/statuses/-/statuses-2.0.2.tgz 0ms (cache hit)
787 http cache type-is@https://registry.npmjs.org/type-is/-/type-is-1.6.18.tgz 0ms (cache hit)
788 http cache call-bind-apply-helpers@https://registry.npmjs.org/call-bind-apply-helpers/-/call-bind-apply-helpers-1.0.2.tgz 0ms (cache hit)
789 http cache serve-static@https://registry.npmjs.org/serve-static/-/serve-static-1.16.3.tgz 0ms (cache hit)
790 http cache bytes@https://registry.npmjs.org/bytes/-/bytes-3.1.2.tgz 0ms (cache hit)
791 http cache safe-buffer@https://registry.npmjs.org/safe-buffer/-/safe-buffer-5.2.1.tgz 0ms (cache hit)
792 http cache send@https://registry.npmjs.org/send/-/send-0.19.2.tgz 0ms (cache hit)
793 http cache proxy-addr@https://registry.npmjs.org/proxy-addr/-/proxy-addr-2.0.7.tgz 0ms (cache hit)
794 http cache path-to-regexp@https://registry.npmjs.org/path-to-regexp/-/path-to-regexp-0.1.12.tgz 0ms (cache hit)
795 http cache qs@https://registry.npmjs.org/qs/-/qs-6.14.2.tgz 0ms (cache hit)
796 http cache on-finished@https://registry.npmjs.org/on-finished/-/on-finished-2.4.1.tgz 0ms (cache hit)
797 http cache parseurl@https://registry.npmjs.org/parseurl/-/parseurl-1.3.3.tgz 0ms (cache hit)
798 http cache merge-descriptors@https://registry.npmjs.org/merge-descriptors/-/merge-descriptors-1.0.3.tgz 0ms (cache hit)
799 http cache methods@https://registry.npmjs.org/methods/-/methods-1.1.2.tgz 0ms (cache hit)
800 http cache http-errors@https://registry.npmjs.org/http-errors/-/http-errors-2.0.1.tgz 0ms (cache hit)
801 http cache finalhandler@https://registry.npmjs.org/finalhandler/-/finalhandler-1.3.2.tgz 0ms (cache hit)
802 http cache etag@https://registry.npmjs.org/etag/-/etag-1.8.1.tgz 0ms (cache hit)
803 http cache fresh@https://registry.npmjs.org/fresh/-/fresh-0.5.2.tgz 0ms (cache hit)
804 http cache escape-html@https://registry.npmjs.org/escape-html/-/escape-html-1.0.3.tgz 0ms (cache hit)
805 http cache encodeurl@https://registry.npmjs.org/encodeurl/-/encodeurl-2.0.0.tgz 0ms (cache hit)
806 http cache depd@https://registry.npmjs.org/depd/-/depd-2.0.0.tgz 0ms (cache hit)
807 http cache debug@https://registry.npmjs.org/debug/-/debug-2.6.9.tgz 0ms (cache hit)
808 http cache cookie@https://registry.npmjs.org/cookie/-/cookie-0.7.2.tgz 0ms (cache hit)
809 http cache content-disposition@https://registry.npmjs.org/content-disposition/-/content-disposition-0.5.4.tgz 0ms (cache hit)
810 http cache content-type@https://registry.npmjs.org/content-type/-/content-type-1.0.5.tgz 0ms (cache hit)
811 http cache body-parser@https://registry.npmjs.org/body-parser/-/body-parser-1.20.4.tgz 0ms (cache hit)
812 http cache array-flatten@https://registry.npmjs.org/array-flatten/-/array-flatten-1.1.1.tgz 0ms (cache hit)
813 http cache object-assign@https://registry.npmjs.org/object-assign/-/object-assign-4.1.1.tgz 0ms (cache hit)
814 http cache vary@https://registry.npmjs.org/vary/-/vary-1.1.2.tgz 0ms (cache hit)
815 http cache range-parser@https://registry.npmjs.org/range-parser/-/range-parser-1.2.1.tgz 0ms (cache hit)
816 http cache cookie-signature@https://registry.npmjs.org/cookie-signature/-/cookie-signature-1.0.7.tgz 0ms (cache hit)
817 http cache proxy-from-env@https://registry.npmjs.org/proxy-from-env/-/proxy-from-env-1.1.0.tgz 0ms (cache hit)
818 http cache accepts@https://registry.npmjs.org/accepts/-/accepts-1.3.8.tgz 0ms (cache hit)
819 http cache express-validator@https://registry.npmjs.org/express-validator/-/express-validator-7.3.1.tgz 0ms (cache hit)
820 http cache nodemon@https://registry.npmjs.org/nodemon/-/nodemon-3.1.11.tgz 0ms (cache hit)
821 http cache form-data@https://registry.npmjs.org/form-data/-/form-data-4.0.5.tgz 0ms (cache hit)
822 http cache follow-redirects@https://registry.npmjs.org/follow-redirects/-/follow-redirects-1.15.11.tgz 0ms (cache hit)
823 http cache dotenv@https://registry.npmjs.org/dotenv/-/dotenv-16.6.1.tgz 0ms (cache hit)
824 http cache express@https://registry.npmjs.org/express/-/express-4.22.1.tgz 0ms (cache hit)
825 http cache cors@https://registry.npmjs.org/cors/-/cors-2.8.6.tgz 0ms (cache hit)
826 http cache axios@https://registry.npmjs.org/axios/-/axios-1.13.5.tgz 0ms (cache hit)
827 http cache jsonwebtoken@https://registry.npmjs.org/jsonwebtoken/-/jsonwebtoken-9.0.3.tgz 0ms (cache hit)
828 http cache ms@https://registry.npmjs.org/ms/-/ms-2.1.3.tgz 0ms (cache hit)
829 http cache ms@https://registry.npmjs.org/ms/-/ms-2.1.3.tgz 0ms (cache hit)
830 silly tarball no local data for is-number@https://registry.npmjs.org/is-number/-/is-number-7.0.0.tgz. Extracting by manifest.
831 silly tarball no local data for has-flag@https://registry.npmjs.org/has-flag/-/has-flag-3.0.0.tgz. Extracting by manifest.
832 silly tarball no local data for object-inspect@https://registry.npmjs.org/object-inspect/-/object-inspect-1.13.4.tgz. Extracting by manifest.
833 silly tarball no local data for media-typer@https://registry.npmjs.org/media-typer/-/media-typer-0.3.0.tgz. Extracting by manifest.
834 silly tarball no local data for side-channel-map@https://registry.npmjs.org/side-channel-map/-/side-channel-map-1.0.1.tgz. Extracting by manifest.
835 silly tarball no local data for side-channel-weakmap@https://registry.npmjs.org/side-channel-weakmap/-/side-channel-weakmap-1.0.2.tgz. Extracting by manifest.
836 silly tarball no local data for mime@https://registry.npmjs.org/mime/-/mime-1.6.0.tgz. Extracting by manifest.
837 silly tarball no local data for side-channel-list@https://registry.npmjs.org/side-channel-list/-/side-channel-list-1.0.0.tgz. Extracting by manifest.
838 silly tarball no local data for ee-first@https://registry.npmjs.org/ee-first/-/ee-first-1.1.1.tgz. Extracting by manifest.
839 silly tarball no local data for balanced-match@https://registry.npmjs.org/balanced-match/-/balanced-match-1.0.2.tgz. Extracting by manifest.
840 silly tarball no local data for ipaddr.js@https://registry.npmjs.org/ipaddr.js/-/ipaddr.js-1.9.1.tgz. Extracting by manifest.
841 silly tarball no local data for call-bound@https://registry.npmjs.org/call-bound/-/call-bound-1.0.4.tgz. Extracting by manifest.
842 silly tarball no local data for forwarded@https://registry.npmjs.org/forwarded/-/forwarded-0.2.0.tgz. Extracting by manifest.
843 silly tarball no local data for side-channel@https://registry.npmjs.org/side-channel/-/side-channel-1.1.0.tgz. Extracting by manifest.
844 silly tarball no local data for binary-extensions@https://registry.npmjs.org/binary-extensions/-/binary-extensions-2.3.0.tgz. Extracting by manifest.
845 silly tarball no local data for brace-expansion@https://registry.npmjs.org/brace-expansion/-/brace-expansion-1.1.12.tgz. Extracting by manifest.
846 silly tarball no local data for fill-range@https://registry.npmjs.org/fill-range/-/fill-range-7.1.1.tgz. Extracting by manifest.
847 http cache debug@https://registry.npmjs.org/debug/-/debug-4.4.3.tgz 0ms (cache hit)
848 silly tarball no local data for to-regex-range@https://registry.npmjs.org/to-regex-range/-/to-regex-range-5.0.1.tgz. Extracting by manifest.
849 silly tarball no local data for picomatch@https://registry.npmjs.org/picomatch/-/picomatch-2.3.1.tgz. Extracting by manifest.
850 silly tarball no local data for normalize-path@https://registry.npmjs.org/normalize-path/-/normalize-path-3.0.0.tgz. Extracting by manifest.
851 silly tarball no local data for is-glob@https://registry.npmjs.org/is-glob/-/is-glob-4.0.3.tgz. Extracting by manifest.
852 silly tarball no local data for readdirp@https://registry.npmjs.org/readdirp/-/readdirp-3.6.0.tgz. Extracting by manifest.
853 http cache ms@https://registry.npmjs.org/ms/-/ms-2.1.3.tgz 0ms (cache hit)
854 silly tarball no local data for fsevents@https://registry.npmjs.org/fsevents/-/fsevents-2.3.3.tgz. Extracting by manifest.
855 silly tarball no local data for glob-parent@https://registry.npmjs.org/glob-parent/-/glob-parent-5.1.2.tgz. Extracting by manifest.
856 silly tarball no local data for is-binary-path@https://registry.npmjs.org/is-binary-path/-/is-binary-path-2.1.0.tgz. Extracting by manifest.
857 silly tarball no local data for braces@https://registry.npmjs.org/braces/-/braces-3.0.3.tgz. Extracting by manifest.
858 silly tarball no local data for is-extglob@https://registry.npmjs.org/is-extglob/-/is-extglob-2.1.1.tgz. Extracting by manifest.
859 silly tarball no local data for concat-map@https://registry.npmjs.org/concat-map/-/concat-map-0.0.1.tgz. Extracting by manifest.
860 silly tarball no local data for anymatch@https://registry.npmjs.org/anymatch/-/anymatch-3.1.3.tgz. Extracting by manifest.
861 silly tarball no local data for touch@https://registry.npmjs.org/touch/-/touch-3.1.1.tgz. Extracting by manifest.
862 silly tarball no local data for undefsafe@https://registry.npmjs.org/undefsafe/-/undefsafe-2.0.5.tgz. Extracting by manifest.
863 silly tarball no local data for supports-color@https://registry.npmjs.org/supports-color/-/supports-color-5.5.0.tgz. Extracting by manifest.
864 silly tarball no local data for pstree.remy@https://registry.npmjs.org/pstree.remy/-/pstree.remy-1.1.8.tgz. Extracting by manifest.
865 silly tarball no local data for simple-update-notifier@https://registry.npmjs.org/simple-update-notifier/-/simple-update-notifier-2.0.0.tgz. Extracting by manifest.
866 silly tarball no local data for minimatch@https://registry.npmjs.org/minimatch/-/minimatch-3.1.2.tgz. Extracting by manifest.
867 silly tarball no local data for chokidar@https://registry.npmjs.org/chokidar/-/chokidar-3.6.0.tgz. Extracting by manifest.
868 silly tarball no local data for ecdsa-sig-formatter@https://registry.npmjs.org/ecdsa-sig-formatter/-/ecdsa-sig-formatter-1.0.11.tgz. Extracting by manifest.
869 silly tarball no local data for ignore-by-default@https://registry.npmjs.org/ignore-by-default/-/ignore-by-default-1.0.1.tgz. Extracting by manifest.
870 silly tarball no local data for jwa@https://registry.npmjs.org/jwa/-/jwa-2.0.1.tgz. Extracting by manifest.
871 silly tarball no local data for buffer-equal-constant-time@https://registry.npmjs.org/buffer-equal-constant-time/-/buffer-equal-constant-time-1.0.1.tgz. Extracting by manifest.
872 silly tarball no local data for semver@https://registry.npmjs.org/semver/-/semver-7.7.4.tgz. Extracting by manifest.
873 silly tarball no local data for lodash.once@https://registry.npmjs.org/lodash.once/-/lodash.once-4.1.1.tgz. Extracting by manifest.
874 silly tarball no local data for lodash.isstring@https://registry.npmjs.org/lodash.isstring/-/lodash.isstring-4.0.1.tgz. Extracting by manifest.
875 silly tarball no local data for lodash.isplainobject@https://registry.npmjs.org/lodash.isplainobject/-/lodash.isplainobject-4.0.6.tgz. Extracting by manifest.
876 silly tarball no local data for lodash.isboolean@https://registry.npmjs.org/lodash.isboolean/-/lodash.isboolean-3.0.3.tgz. Extracting by manifest.
877 silly tarball no local data for mime-db@https://registry.npmjs.org/mime-db/-/mime-db-1.52.0.tgz. Extracting by manifest.
878 silly tarball no local data for lodash.isinteger@https://registry.npmjs.org/lodash.isinteger/-/lodash.isinteger-4.0.4.tgz. Extracting by manifest.
879 silly tarball no local data for lodash.isnumber@https://registry.npmjs.org/lodash.isnumber/-/lodash.isnumber-3.0.3.tgz. Extracting by manifest.
880 silly tarball no local data for lodash.includes@https://registry.npmjs.org/lodash.includes/-/lodash.includes-4.3.0.tgz. Extracting by manifest.
881 silly tarball no local data for safer-buffer@https://registry.npmjs.org/safer-buffer/-/safer-buffer-2.1.2.tgz. Extracting by manifest.
882 silly tarball no local data for jws@https://registry.npmjs.org/jws/-/jws-4.0.1.tgz. Extracting by manifest.
883 silly tarball no local data for dunder-proto@https://registry.npmjs.org/dunder-proto/-/dunder-proto-1.0.1.tgz. Extracting by manifest.
884 silly tarball no local data for inherits@https://registry.npmjs.org/inherits/-/inherits-2.0.4.tgz. Extracting by manifest.
885 silly tarball no local data for has-symbols@https://registry.npmjs.org/has-symbols/-/has-symbols-1.1.0.tgz. Extracting by manifest.
886 silly tarball no local data for math-intrinsics@https://registry.npmjs.org/math-intrinsics/-/math-intrinsics-1.1.0.tgz. Extracting by manifest.
887 silly tarball no local data for gopd@https://registry.npmjs.org/gopd/-/gopd-1.2.0.tgz. Extracting by manifest.
888 silly tarball no local data for toidentifier@https://registry.npmjs.org/toidentifier/-/toidentifier-1.0.1.tgz. Extracting by manifest.
889 silly tarball no local data for function-bind@https://registry.npmjs.org/function-bind/-/function-bind-1.1.2.tgz. Extracting by manifest.
890 silly tarball no local data for es-define-property@https://registry.npmjs.org/es-define-property/-/es-define-property-1.0.1.tgz. Extracting by manifest.
891 silly tarball no local data for es-object-atoms@https://registry.npmjs.org/es-object-atoms/-/es-object-atoms-1.1.1.tgz. Extracting by manifest.
892 silly tarball no local data for has-tostringtag@https://registry.npmjs.org/has-tostringtag/-/has-tostringtag-1.0.2.tgz. Extracting by manifest.
893 silly tarball no local data for hasown@https://registry.npmjs.org/hasown/-/hasown-2.0.2.tgz. Extracting by manifest.
894 silly tarball no local data for get-proto@https://registry.npmjs.org/get-proto/-/get-proto-1.0.1.tgz. Extracting by manifest.
895 silly tarball no local data for es-errors@https://registry.npmjs.org/es-errors/-/es-errors-1.3.0.tgz. Extracting by manifest.
896 silly tarball no local data for get-intrinsic@https://registry.npmjs.org/get-intrinsic/-/get-intrinsic-1.3.0.tgz. Extracting by manifest.
897 silly tarball no local data for combined-stream@https://registry.npmjs.org/combined-stream/-/combined-stream-1.0.8.tgz. Extracting by manifest.
898 silly tarball no local data for asynckit@https://registry.npmjs.org/asynckit/-/asynckit-0.4.0.tgz. Extracting by manifest.
899 silly tarball no local data for es-set-tostringtag@https://registry.npmjs.org/es-set-tostringtag/-/es-set-tostringtag-2.1.0.tgz. Extracting by manifest.
900 silly tarball no local data for validator@https://registry.npmjs.org/validator/-/validator-13.15.26.tgz. Extracting by manifest.
901 silly tarball no local data for lodash@https://registry.npmjs.org/lodash/-/lodash-4.17.23.tgz. Extracting by manifest.
902 silly tarball no local data for delayed-stream@https://registry.npmjs.org/delayed-stream/-/delayed-stream-1.0.0.tgz. Extracting by manifest.
903 silly tarball no local data for unpipe@https://registry.npmjs.org/unpipe/-/unpipe-1.0.0.tgz. Extracting by manifest.
904 silly tarball no local data for raw-body@https://registry.npmjs.org/raw-body/-/raw-body-2.5.3.tgz. Extracting by manifest.
905 silly tarball no local data for iconv-lite@https://registry.npmjs.org/iconv-lite/-/iconv-lite-0.4.24.tgz. Extracting by manifest.
906 silly tarball no local data for ms@https://registry.npmjs.org/ms/-/ms-2.0.0.tgz. Extracting by manifest.
907 silly tarball no local data for destroy@https://registry.npmjs.org/destroy/-/destroy-1.2.0.tgz. Extracting by manifest.
908 silly tarball no local data for negotiator@https://registry.npmjs.org/negotiator/-/negotiator-0.6.3.tgz. Extracting by manifest.
909 silly tarball no local data for utils-merge@https://registry.npmjs.org/utils-merge/-/utils-merge-1.0.1.tgz. Extracting by manifest.
910 silly tarball no local data for mime-types@https://registry.npmjs.org/mime-types/-/mime-types-2.1.35.tgz. Extracting by manifest.
911 silly tarball no local data for setprototypeof@https://registry.npmjs.org/setprototypeof/-/setprototypeof-1.2.0.tgz. Extracting by manifest.
912 silly tarball no local data for statuses@https://registry.npmjs.org/statuses/-/statuses-2.0.2.tgz. Extracting by manifest.
913 silly tarball no local data for type-is@https://registry.npmjs.org/type-is/-/type-is-1.6.18.tgz. Extracting by manifest.
914 silly tarball no local data for call-bind-apply-helpers@https://registry.npmjs.org/call-bind-apply-helpers/-/call-bind-apply-helpers-1.0.2.tgz. Extracting by manifest.
915 silly tarball no local data for serve-static@https://registry.npmjs.org/serve-static/-/serve-static-1.16.3.tgz. Extracting by manifest.
916 silly tarball no local data for bytes@https://registry.npmjs.org/bytes/-/bytes-3.1.2.tgz. Extracting by manifest.
917 silly tarball no local data for safe-buffer@https://registry.npmjs.org/safe-buffer/-/safe-buffer-5.2.1.tgz. Extracting by manifest.
918 silly tarball no local data for send@https://registry.npmjs.org/send/-/send-0.19.2.tgz. Extracting by manifest.
919 silly tarball no local data for proxy-addr@https://registry.npmjs.org/proxy-addr/-/proxy-addr-2.0.7.tgz. Extracting by manifest.
920 silly tarball no local data for path-to-regexp@https://registry.npmjs.org/path-to-regexp/-/path-to-regexp-0.1.12.tgz. Extracting by manifest.
921 silly tarball no local data for qs@https://registry.npmjs.org/qs/-/qs-6.14.2.tgz. Extracting by manifest.
922 silly tarball no local data for on-finished@https://registry.npmjs.org/on-finished/-/on-finished-2.4.1.tgz. Extracting by manifest.
923 silly tarball no local data for parseurl@https://registry.npmjs.org/parseurl/-/parseurl-1.3.3.tgz. Extracting by manifest.
924 silly tarball no local data for merge-descriptors@https://registry.npmjs.org/merge-descriptors/-/merge-descriptors-1.0.3.tgz. Extracting by manifest.
925 silly tarball no local data for methods@https://registry.npmjs.org/methods/-/methods-1.1.2.tgz. Extracting by manifest.
926 silly tarball no local data for http-errors@https://registry.npmjs.org/http-errors/-/http-errors-2.0.1.tgz. Extracting by manifest.
927 silly tarball no local data for finalhandler@https://registry.npmjs.org/finalhandler/-/finalhandler-1.3.2.tgz. Extracting by manifest.
928 silly tarball no local data for etag@https://registry.npmjs.org/etag/-/etag-1.8.1.tgz. Extracting by manifest.
929 silly tarball no local data for fresh@https://registry.npmjs.org/fresh/-/fresh-0.5.2.tgz. Extracting by manifest.
930 silly tarball no local data for escape-html@https://registry.npmjs.org/escape-html/-/escape-html-1.0.3.tgz. Extracting by manifest.
931 silly tarball no local data for encodeurl@https://registry.npmjs.org/encodeurl/-/encodeurl-2.0.0.tgz. Extracting by manifest.
932 silly tarball no local data for depd@https://registry.npmjs.org/depd/-/depd-2.0.0.tgz. Extracting by manifest.
933 silly tarball no local data for debug@https://registry.npmjs.org/debug/-/debug-2.6.9.tgz. Extracting by manifest.
934 silly tarball no local data for cookie@https://registry.npmjs.org/cookie/-/cookie-0.7.2.tgz. Extracting by manifest.
935 silly tarball no local data for content-disposition@https://registry.npmjs.org/content-disposition/-/content-disposition-0.5.4.tgz. Extracting by manifest.
936 silly tarball no local data for content-type@https://registry.npmjs.org/content-type/-/content-type-1.0.5.tgz. Extracting by manifest.
937 silly tarball no local data for body-parser@https://registry.npmjs.org/body-parser/-/body-parser-1.20.4.tgz. Extracting by manifest.
938 silly tarball no local data for array-flatten@https://registry.npmjs.org/array-flatten/-/array-flatten-1.1.1.tgz. Extracting by manifest.
939 silly tarball no local data for object-assign@https://registry.npmjs.org/object-assign/-/object-assign-4.1.1.tgz. Extracting by manifest.
940 silly tarball no local data for vary@https://registry.npmjs.org/vary/-/vary-1.1.2.tgz. Extracting by manifest.
941 silly tarball no local data for range-parser@https://registry.npmjs.org/range-parser/-/range-parser-1.2.1.tgz. Extracting by manifest.
942 silly tarball no local data for cookie-signature@https://registry.npmjs.org/cookie-signature/-/cookie-signature-1.0.7.tgz. Extracting by manifest.
943 silly tarball no local data for proxy-from-env@https://registry.npmjs.org/proxy-from-env/-/proxy-from-env-1.1.0.tgz. Extracting by manifest.
944 silly tarball no local data for accepts@https://registry.npmjs.org/accepts/-/accepts-1.3.8.tgz. Extracting by manifest.
945 silly tarball no local data for express-validator@https://registry.npmjs.org/express-validator/-/express-validator-7.3.1.tgz. Extracting by manifest.
946 silly tarball no local data for nodemon@https://registry.npmjs.org/nodemon/-/nodemon-3.1.11.tgz. Extracting by manifest.
947 silly tarball no local data for form-data@https://registry.npmjs.org/form-data/-/form-data-4.0.5.tgz. Extracting by manifest.
948 silly tarball no local data for follow-redirects@https://registry.npmjs.org/follow-redirects/-/follow-redirects-1.15.11.tgz. Extracting by manifest.
949 silly tarball no local data for dotenv@https://registry.npmjs.org/dotenv/-/dotenv-16.6.1.tgz. Extracting by manifest.
950 silly tarball no local data for express@https://registry.npmjs.org/express/-/express-4.22.1.tgz. Extracting by manifest.
951 silly tarball no local data for cors@https://registry.npmjs.org/cors/-/cors-2.8.6.tgz. Extracting by manifest.
952 silly tarball no local data for axios@https://registry.npmjs.org/axios/-/axios-1.13.5.tgz. Extracting by manifest.
953 silly tarball no local data for jsonwebtoken@https://registry.npmjs.org/jsonwebtoken/-/jsonwebtoken-9.0.3.tgz. Extracting by manifest.
954 silly tarball no local data for ms@https://registry.npmjs.org/ms/-/ms-2.1.3.tgz. Extracting by manifest.
955 silly tarball no local data for ms@https://registry.npmjs.org/ms/-/ms-2.1.3.tgz. Extracting by manifest.
956 silly tarball no local data for debug@https://registry.npmjs.org/debug/-/debug-4.4.3.tgz. Extracting by manifest.
957 silly tarball no local data for ms@https://registry.npmjs.org/ms/-/ms-2.1.3.tgz. Extracting by manifest.
958 http fetch GET 200 https://registry.npmjs.org/media-typer/-/media-typer-0.3.0.tgz 149ms (cache miss)
959 http fetch GET 200 https://registry.npmjs.org/side-channel-map/-/side-channel-map-1.0.1.tgz 147ms (cache miss)
960 http fetch GET 200 https://registry.npmjs.org/has-flag/-/has-flag-3.0.0.tgz 149ms (cache miss)
961 http fetch GET 200 https://registry.npmjs.org/binary-extensions/-/binary-extensions-2.3.0.tgz 139ms (cache miss)
962 http fetch GET 200 https://registry.npmjs.org/is-number/-/is-number-7.0.0.tgz 152ms (cache miss)
963 http fetch GET 200 https://registry.npmjs.org/side-channel-weakmap/-/side-channel-weakmap-1.0.2.tgz 146ms (cache miss)
964 http fetch GET 200 https://registry.npmjs.org/fill-range/-/fill-range-7.1.1.tgz 143ms (cache miss)
965 http fetch GET 200 https://registry.npmjs.org/brace-expansion/-/brace-expansion-1.1.12.tgz 145ms (cache miss)
966 http fetch GET 200 https://registry.npmjs.org/to-regex-range/-/to-regex-range-5.0.1.tgz 144ms (cache miss)
967 http fetch GET 200 https://registry.npmjs.org/is-glob/-/is-glob-4.0.3.tgz 146ms (cache miss)
968 http fetch GET 200 https://registry.npmjs.org/picomatch/-/picomatch-2.3.1.tgz 149ms (cache miss)
969 http fetch GET 200 https://registry.npmjs.org/normalize-path/-/normalize-path-3.0.0.tgz 149ms (cache miss)
970 http fetch GET 200 https://registry.npmjs.org/readdirp/-/readdirp-3.6.0.tgz 150ms (cache miss)
971 http fetch GET 200 https://registry.npmjs.org/object-inspect/-/object-inspect-1.13.4.tgz 167ms (cache miss)
972 http fetch GET 200 https://registry.npmjs.org/braces/-/braces-3.0.3.tgz 194ms (cache miss)
973 http fetch GET 200 https://registry.npmjs.org/glob-parent/-/glob-parent-5.1.2.tgz 195ms (cache miss)
974 http fetch GET 200 https://registry.npmjs.org/is-binary-path/-/is-binary-path-2.1.0.tgz 197ms (cache miss)
975 http fetch GET 200 https://registry.npmjs.org/forwarded/-/forwarded-0.2.0.tgz 201ms (cache miss)
976 http fetch GET 200 https://registry.npmjs.org/fsevents/-/fsevents-2.3.3.tgz 197ms (cache miss)
977 http fetch GET 200 https://registry.npmjs.org/ee-first/-/ee-first-1.1.1.tgz 203ms (cache miss)
978 http fetch GET 200 https://registry.npmjs.org/balanced-match/-/balanced-match-1.0.2.tgz 203ms (cache miss)
979 http fetch GET 200 https://registry.npmjs.org/ipaddr.js/-/ipaddr.js-1.9.1.tgz 203ms (cache miss)
980 http fetch GET 200 https://registry.npmjs.org/side-channel-list/-/side-channel-list-1.0.0.tgz 206ms (cache miss)
981 http fetch GET 200 https://registry.npmjs.org/side-channel/-/side-channel-1.1.0.tgz 203ms (cache miss)
982 http fetch GET 200 https://registry.npmjs.org/call-bound/-/call-bound-1.0.4.tgz 205ms (cache miss)
983 http fetch GET 200 https://registry.npmjs.org/is-extglob/-/is-extglob-2.1.1.tgz 201ms (cache miss)
984 http fetch GET 200 https://registry.npmjs.org/concat-map/-/concat-map-0.0.1.tgz 202ms (cache miss)
985 http fetch GET 200 https://registry.npmjs.org/mime/-/mime-1.6.0.tgz 211ms (cache miss)
986 http fetch GET 200 https://registry.npmjs.org/supports-color/-/supports-color-5.5.0.tgz 215ms (cache miss)
987 http fetch GET 200 https://registry.npmjs.org/undefsafe/-/undefsafe-2.0.5.tgz 215ms (cache miss)
988 http fetch GET 200 https://registry.npmjs.org/jwa/-/jwa-2.0.1.tgz 227ms (cache miss)
989 http fetch GET 200 https://registry.npmjs.org/anymatch/-/anymatch-3.1.3.tgz 232ms (cache miss)
990 http fetch GET 200 https://registry.npmjs.org/ecdsa-sig-formatter/-/ecdsa-sig-formatter-1.0.11.tgz 231ms (cache miss)
991 http fetch GET 200 https://registry.npmjs.org/buffer-equal-constant-time/-/buffer-equal-constant-time-1.0.1.tgz 230ms (cache miss)
992 http fetch GET 200 https://registry.npmjs.org/touch/-/touch-3.1.1.tgz 237ms (cache miss)
993 http fetch GET 200 https://registry.npmjs.org/pstree.remy/-/pstree.remy-1.1.8.tgz 242ms (cache miss)
994 http fetch GET 200 https://registry.npmjs.org/lodash.once/-/lodash.once-4.1.1.tgz 238ms (cache miss)
995 http fetch GET 200 https://registry.npmjs.org/ignore-by-default/-/ignore-by-default-1.0.1.tgz 240ms (cache miss)
996 http fetch GET 200 https://registry.npmjs.org/simple-update-notifier/-/simple-update-notifier-2.0.0.tgz 244ms (cache miss)
997 http fetch GET 200 https://registry.npmjs.org/minimatch/-/minimatch-3.1.2.tgz 245ms (cache miss)
998 http fetch GET 200 https://registry.npmjs.org/chokidar/-/chokidar-3.6.0.tgz 245ms (cache miss)
999 http fetch GET 200 https://registry.npmjs.org/lodash.isstring/-/lodash.isstring-4.0.1.tgz 243ms (cache miss)
1000 http fetch GET 200 https://registry.npmjs.org/semver/-/semver-7.7.4.tgz 246ms (cache miss)
1001 http fetch GET 200 https://registry.npmjs.org/lodash.isplainobject/-/lodash.isplainobject-4.0.6.tgz 248ms (cache miss)
1002 http fetch GET 200 https://registry.npmjs.org/lodash.isinteger/-/lodash.isinteger-4.0.4.tgz 251ms (cache miss)
1003 http fetch POST 200 https://registry.npmjs.org/-/npm/v1/security/advisories/bulk 311ms
1004 silly audit report {}
1005 http fetch GET 200 https://registry.npmjs.org/lodash.isboolean/-/lodash.isboolean-3.0.3.tgz 304ms (cache miss)
1006 http fetch GET 200 https://registry.npmjs.org/toidentifier/-/toidentifier-1.0.1.tgz 301ms (cache miss)
1007 http fetch GET 200 https://registry.npmjs.org/dunder-proto/-/dunder-proto-1.0.1.tgz 305ms (cache miss)
1008 http fetch GET 200 https://registry.npmjs.org/inherits/-/inherits-2.0.4.tgz 304ms (cache miss)
1009 http fetch GET 200 https://registry.npmjs.org/lodash.isnumber/-/lodash.isnumber-3.0.3.tgz 307ms (cache miss)
1010 http fetch GET 200 https://registry.npmjs.org/jws/-/jws-4.0.1.tgz 306ms (cache miss)
1011 http fetch GET 200 https://registry.npmjs.org/mime-db/-/mime-db-1.52.0.tgz 308ms (cache miss)
1012 http fetch GET 200 https://registry.npmjs.org/gopd/-/gopd-1.2.0.tgz 306ms (cache miss)
1013 http fetch GET 200 https://registry.npmjs.org/lodash.includes/-/lodash.includes-4.3.0.tgz 309ms (cache miss)
1014 http fetch GET 200 https://registry.npmjs.org/es-define-property/-/es-define-property-1.0.1.tgz 307ms (cache miss)
1015 http fetch GET 200 https://registry.npmjs.org/safer-buffer/-/safer-buffer-2.1.2.tgz 313ms (cache miss)
1016 http fetch GET 200 https://registry.npmjs.org/es-object-atoms/-/es-object-atoms-1.1.1.tgz 309ms (cache miss)
1017 http fetch GET 200 https://registry.npmjs.org/function-bind/-/function-bind-1.1.2.tgz 334ms (cache miss)
1018 http fetch GET 200 https://registry.npmjs.org/get-intrinsic/-/get-intrinsic-1.3.0.tgz 367ms (cache miss)
1019 http fetch GET 200 https://registry.npmjs.org/hasown/-/hasown-2.0.2.tgz 371ms (cache miss)
1020 http fetch GET 200 https://registry.npmjs.org/es-set-tostringtag/-/es-set-tostringtag-2.1.0.tgz 375ms (cache miss)
1021 http fetch GET 200 https://registry.npmjs.org/asynckit/-/asynckit-0.4.0.tgz 384ms (cache miss)
1022 http fetch GET 200 https://registry.npmjs.org/has-symbols/-/has-symbols-1.1.0.tgz 391ms (cache miss)
1023 http fetch GET 200 https://registry.npmjs.org/mime-types/-/mime-types-2.1.35.tgz 381ms (cache miss)
1024 http fetch GET 200 https://registry.npmjs.org/raw-body/-/raw-body-2.5.3.tgz 386ms (cache miss)
1025 http fetch GET 200 https://registry.npmjs.org/ms/-/ms-2.0.0.tgz 386ms (cache miss)
1026 http fetch GET 200 https://registry.npmjs.org/utils-merge/-/utils-merge-1.0.1.tgz 385ms (cache miss)
1027 http fetch GET 200 https://registry.npmjs.org/delayed-stream/-/delayed-stream-1.0.0.tgz 389ms (cache miss)
1028 http fetch GET 200 https://registry.npmjs.org/setprototypeof/-/setprototypeof-1.2.0.tgz 386ms (cache miss)
1029 http fetch GET 200 https://registry.npmjs.org/get-proto/-/get-proto-1.0.1.tgz 393ms (cache miss)
1030 http fetch GET 200 https://registry.npmjs.org/combined-stream/-/combined-stream-1.0.8.tgz 393ms (cache miss)
1031 http fetch GET 200 https://registry.npmjs.org/unpipe/-/unpipe-1.0.0.tgz 391ms (cache miss)
1032 http fetch GET 200 https://registry.npmjs.org/statuses/-/statuses-2.0.2.tgz 390ms (cache miss)
1033 http fetch GET 200 https://registry.npmjs.org/destroy/-/destroy-1.2.0.tgz 392ms (cache miss)
1034 http fetch GET 200 https://registry.npmjs.org/negotiator/-/negotiator-0.6.3.tgz 392ms (cache miss)
1035 http fetch GET 200 https://registry.npmjs.org/has-tostringtag/-/has-tostringtag-1.0.2.tgz 398ms (cache miss)
1036 http fetch GET 200 https://registry.npmjs.org/es-errors/-/es-errors-1.3.0.tgz 401ms (cache miss)
1037 http fetch GET 200 https://registry.npmjs.org/math-intrinsics/-/math-intrinsics-1.1.0.tgz 406ms (cache miss)
1038 http fetch GET 200 https://registry.npmjs.org/type-is/-/type-is-1.6.18.tgz 401ms (cache miss)
1039 http fetch GET 200 https://registry.npmjs.org/call-bind-apply-helpers/-/call-bind-apply-helpers-1.0.2.tgz 409ms (cache miss)
1040 http fetch GET 200 https://registry.npmjs.org/bytes/-/bytes-3.1.2.tgz 409ms (cache miss)
1041 http fetch GET 200 https://registry.npmjs.org/methods/-/methods-1.1.2.tgz 408ms (cache miss)
1042 http fetch GET 200 https://registry.npmjs.org/on-finished/-/on-finished-2.4.1.tgz 409ms (cache miss)
1043 http fetch GET 200 https://registry.npmjs.org/proxy-addr/-/proxy-addr-2.0.7.tgz 410ms (cache miss)
1044 http fetch GET 200 https://registry.npmjs.org/merge-descriptors/-/merge-descriptors-1.0.3.tgz 410ms (cache miss)
1045 http fetch GET 200 https://registry.npmjs.org/safe-buffer/-/safe-buffer-5.2.1.tgz 415ms (cache miss)
1046 http fetch GET 200 https://registry.npmjs.org/path-to-regexp/-/path-to-regexp-0.1.12.tgz 415ms (cache miss)
1047 http fetch GET 200 https://registry.npmjs.org/send/-/send-0.19.2.tgz 422ms (cache miss)
1048 http fetch GET 200 https://registry.npmjs.org/http-errors/-/http-errors-2.0.1.tgz 424ms (cache miss)
1049 http fetch GET 200 https://registry.npmjs.org/parseurl/-/parseurl-1.3.3.tgz 433ms (cache miss)
1050 http fetch GET 200 https://registry.npmjs.org/etag/-/etag-1.8.1.tgz 445ms (cache miss)
1051 http fetch GET 200 https://registry.npmjs.org/fresh/-/fresh-0.5.2.tgz 451ms (cache miss)
1052 http fetch GET 200 https://registry.npmjs.org/depd/-/depd-2.0.0.tgz 453ms (cache miss)
1053 http fetch GET 200 https://registry.npmjs.org/encodeurl/-/encodeurl-2.0.0.tgz 453ms (cache miss)
1054 http fetch GET 200 https://registry.npmjs.org/finalhandler/-/finalhandler-1.3.2.tgz 515ms (cache miss)
1055 http fetch GET 200 https://registry.npmjs.org/content-disposition/-/content-disposition-0.5.4.tgz 516ms (cache miss)
1056 http fetch GET 200 https://registry.npmjs.org/cookie/-/cookie-0.7.2.tgz 612ms (cache miss)
1057 http fetch GET 200 https://registry.npmjs.org/serve-static/-/serve-static-1.16.3.tgz 623ms (cache miss)
1058 http fetch GET 200 https://registry.npmjs.org/escape-html/-/escape-html-1.0.3.tgz 636ms (cache miss)
1059 http fetch GET 200 https://registry.npmjs.org/content-type/-/content-type-1.0.5.tgz 638ms (cache miss)
1060 http fetch GET 200 https://registry.npmjs.org/array-flatten/-/array-flatten-1.1.1.tgz 644ms (cache miss)
1061 http fetch GET 200 https://registry.npmjs.org/object-assign/-/object-assign-4.1.1.tgz 647ms (cache miss)
1062 http fetch GET 200 https://registry.npmjs.org/debug/-/debug-2.6.9.tgz 653ms (cache miss)
1063 http fetch GET 200 https://registry.npmjs.org/cookie-signature/-/cookie-signature-1.0.7.tgz 648ms (cache miss)
1064 http fetch GET 200 https://registry.npmjs.org/range-parser/-/range-parser-1.2.1.tgz 651ms (cache miss)
1065 http fetch GET 200 https://registry.npmjs.org/debug/-/debug-4.4.3.tgz 641ms (cache miss)
1066 http fetch GET 200 https://registry.npmjs.org/proxy-from-env/-/proxy-from-env-1.1.0.tgz 652ms (cache miss)
1067 http fetch GET 200 https://registry.npmjs.org/ms/-/ms-2.1.3.tgz 638ms (cache miss)
1068 http fetch GET 200 https://registry.npmjs.org/accepts/-/accepts-1.3.8.tgz 653ms (cache miss)
1069 http fetch GET 200 https://registry.npmjs.org/follow-redirects/-/follow-redirects-1.15.11.tgz 653ms (cache miss)
1070 http fetch GET 200 https://registry.npmjs.org/cors/-/cors-2.8.6.tgz 652ms (cache miss)
1071 http fetch GET 200 https://registry.npmjs.org/ms/-/ms-2.1.3.tgz 651ms (cache miss)
1072 http fetch GET 200 https://registry.npmjs.org/ms/-/ms-2.1.3.tgz 651ms (cache miss)
1073 http fetch GET 200 https://registry.npmjs.org/form-data/-/form-data-4.0.5.tgz 655ms (cache miss)
1074 http fetch GET 200 https://registry.npmjs.org/vary/-/vary-1.1.2.tgz 657ms (cache miss)
1075 http fetch GET 200 https://registry.npmjs.org/iconv-lite/-/iconv-lite-0.4.24.tgz 672ms (cache miss)
1076 http fetch GET 200 https://registry.npmjs.org/qs/-/qs-6.14.2.tgz 665ms (cache miss)
1077 http fetch GET 200 https://registry.npmjs.org/dotenv/-/dotenv-16.6.1.tgz 658ms (cache miss)
1078 http fetch GET 200 https://registry.npmjs.org/body-parser/-/body-parser-1.20.4.tgz 666ms (cache miss)
1079 http fetch GET 200 https://registry.npmjs.org/jsonwebtoken/-/jsonwebtoken-9.0.3.tgz 662ms (cache miss)
1080 http fetch GET 200 https://registry.npmjs.org/express/-/express-4.22.1.tgz 681ms (cache miss)
1081 http fetch GET 200 https://registry.npmjs.org/nodemon/-/nodemon-3.1.11.tgz 727ms (cache miss)
1082 http fetch GET 200 https://registry.npmjs.org/express-validator/-/express-validator-7.3.1.tgz 756ms (cache miss)
1083 http fetch GET 200 https://registry.npmjs.org/axios/-/axios-1.13.5.tgz 782ms (cache miss)
1084 http fetch GET 200 https://registry.npmjs.org/validator/-/validator-13.15.26.tgz 824ms (cache miss)
1085 http fetch GET 200 https://registry.npmjs.org/lodash/-/lodash-4.17.23.tgz 892ms (cache miss)
1086 info run fsevents@2.3.3 install node_modules/fsevents node-gyp rebuild
1087 info run fsevents@2.3.3 install { code: 1, signal: null }
1088 verbose reify failed optional dependency /Users/aniketjha/Desktop/work/clients/zoom-api-wrapper/node_modules/fsevents
1089 silly reify mark deleted [
1089 silly reify   '/Users/aniketjha/Desktop/work/clients/zoom-api-wrapper/node_modules/fsevents'
1089 silly reify ]
1090 silly ADD node_modules/media-typer
1091 silly ADD node_modules/is-number
1092 silly ADD node_modules/has-flag
1093 silly ADD node_modules/call-bound
1094 silly ADD node_modules/side-channel-weakmap
1095 silly ADD node_modules/side-channel-map
1096 silly ADD node_modules/side-channel-list
1097 silly ADD node_modules/object-inspect
1098 silly ADD node_modules/mime
1099 silly ADD node_modules/side-channel
1100 silly ADD node_modules/ipaddr.js
1101 silly ADD node_modules/forwarded
1102 silly ADD node_modules/ee-first
1103 silly ADD node_modules/concat-map
1104 silly ADD node_modules/balanced-match
1105 silly ADD node_modules/brace-expansion
1106 silly ADD node_modules/is-extglob
1107 silly ADD node_modules/binary-extensions
1108 silly ADD node_modules/to-regex-range
1109 silly ADD node_modules/fill-range
1110 silly ADD node_modules/picomatch
1111 silly ADD node_modules/readdirp
1112 silly ADD node_modules/normalize-path
1113 silly ADD node_modules/is-glob
1114 silly ADD node_modules/is-binary-path
1115 silly ADD node_modules/glob-parent
1116 silly ADD
1117 silly ADD node_modules/braces
1118 silly ADD node_modules/anymatch
1119 silly ADD node_modules/undefsafe
1120 silly ADD node_modules/touch
1121 silly ADD node_modules/supports-color
1122 silly ADD node_modules/simple-update-notifier
1123 silly ADD node_modules/pstree.remy
1124 silly ADD node_modules/minimatch
1125 silly ADD node_modules/ignore-by-default
1126 silly ADD node_modules/chokidar
1127 silly ADD node_modules/mime-db
1128 silly ADD node_modules/ecdsa-sig-formatter
1129 silly ADD node_modules/buffer-equal-constant-time
1130 silly ADD node_modules/jwa
1131 silly ADD node_modules/semver
1132 silly ADD node_modules/lodash.once
1133 silly ADD node_modules/lodash.isstring
1134 silly ADD node_modules/lodash.isplainobject
1135 silly ADD node_modules/lodash.isnumber
1136 silly ADD node_modules/lodash.isinteger
1137 silly ADD node_modules/lodash.isboolean
1138 silly ADD node_modules/lodash.includes
1139 silly ADD node_modules/jws
1140 silly ADD node_modules/safer-buffer
1141 silly ADD node_modules/toidentifier
1142 silly ADD node_modules/inherits
1143 silly ADD node_modules/dunder-proto
1144 silly ADD node_modules/math-intrinsics
1145 silly ADD node_modules/has-symbols
1146 silly ADD node_modules/gopd
1147 silly ADD node_modules/get-proto
1148 silly ADD node_modules/function-bind
1149 silly ADD node_modules/es-object-atoms
1150 silly ADD node_modules/es-define-property
1151 silly ADD node_modules/call-bind-apply-helpers
1152 silly ADD node_modules/has-tostringtag
1153 silly ADD node_modules/get-intrinsic
1154 silly ADD node_modules/es-errors
1155 silly ADD node_modules/delayed-stream
1156 silly ADD node_modules/hasown
1157 silly ADD node_modules/es-set-tostringtag
1158 silly ADD node_modules/combined-stream
1159 silly ADD node_modules/asynckit
1160 silly ADD node_modules/validator
1161 silly ADD node_modules/lodash
1162 silly ADD node_modules/ms
1163 silly ADD node_modules/unpipe
1164 silly ADD node_modules/raw-body
1165 silly ADD node_modules/iconv-lite
1166 silly ADD node_modules/destroy
1167 silly ADD node_modules/bytes
1168 silly ADD node_modules/negotiator
1169 silly ADD node_modules/mime-types
1170 silly ADD node_modules/utils-merge
1171 silly ADD node_modules/type-is
1172 silly ADD node_modules/statuses
1173 silly ADD node_modules/setprototypeof
1174 silly ADD node_modules/serve-static
1175 silly ADD node_modules/send
1176 silly ADD node_modules/send/node_modules/ms
1177 silly ADD node_modules/safe-buffer
1178 silly ADD node_modules/range-parser
1179 silly ADD node_modules/qs
1180 silly ADD node_modules/proxy-addr
1181 silly ADD node_modules/path-to-regexp
1182 silly ADD node_modules/parseurl
1183 silly ADD node_modules/on-finished
1184 silly ADD node_modules/methods
1185 silly ADD node_modules/merge-descriptors
1186 silly ADD node_modules/http-errors
1187 silly ADD node_modules/fresh
1188 silly ADD node_modules/finalhandler
1189 silly ADD node_modules/etag
1190 silly ADD node_modules/escape-html
1191 silly ADD node_modules/encodeurl
1192 silly ADD node_modules/depd
1193 silly ADD node_modules/debug
1194 silly ADD node_modules/cookie-signature
1195 silly ADD node_modules/cookie
1196 silly ADD node_modules/content-type
1197 silly ADD node_modules/content-disposition
1198 silly ADD node_modules/body-parser
1199 silly ADD node_modules/array-flatten
1200 silly ADD node_modules/accepts
1201 silly ADD node_modules/vary
1202 silly ADD node_modules/object-assign
1203 silly ADD node_modules/proxy-from-env
1204 silly ADD node_modules/form-data
1205 silly ADD node_modules/follow-redirects
1206 silly ADD node_modules/nodemon
1207 silly ADD node_modules/nodemon/node_modules/ms
1208 silly ADD node_modules/nodemon/node_modules/debug
1209 silly ADD node_modules/jsonwebtoken
1210 silly ADD node_modules/jsonwebtoken/node_modules/ms
1211 silly ADD node_modules/express-validator
1212 silly ADD node_modules/express
1213 silly ADD node_modules/dotenv
1214 silly ADD node_modules/cors
1215 silly ADD node_modules/axios
1216 verbose cwd /Users/aniketjha/Desktop/work/clients/zoom-api-wrapper
1217 verbose os Darwin 25.2.0
1218 verbose node v20.19.0
1219 verbose npm  v11.9.0
1220 notice
1220 notice New [33mminor[39m version of npm available! [33m11.9.0[39m -> [34m11.10.0[39m
1220 notice Changelog: [34mhttps://github.com/npm/cli/releases/tag/v11.10.0[39m
1220 notice To update run: [4mnpm install -g npm@11.10.0[24m
1220 notice  { force: true, [Symbol(proc-log.meta)]: true }
1221 verbose exit 0
1222 info ok
